ID_Registro,ID_Condominio,Nome_Condominio,Data_Mes_Referencia,Receita_Bruta_Mensal,Receita_Liquida_Mensal,Total_Unidades,Unidades_Inadimplentes,Percentual_Inadimplencia,Total_Despesas_Mensal,Fluxo_de_Caixa_Mensal
1,832ce2c7-a20b-44fb-ba73-4b92a8ce5b43,Condomínio Jesus Residence,2020-01,31445.35,26092.949999999997,47,8,17.02,2063.52,24029.43
2,3bd78b73-2998-4da1-92d6-7f6e1292e015,Condomínio Gomes Residence,2020-01,23541.98,21707.54,77,6,7.79,4402.0,17305.54
3,d772fedd-87f3-4d5e-895f-93b7e30e006d,Condomínio Porto Residence,2020-01,91689.84,83299.92,153,14,9.15,5251.66,78048.26
4,81012d17-3ed7-4097-8336-11a183f1d9e3,Condomínio da Cunha Residence,2020-01,69295.74,55708.340000000004,102,20,19.61,8665.99,47042.35
5,609b30ec-ba65-45c4-8bc0-0b53cca3d28a,Condomínio Vasconcelos Residence,2020-01,64218.56,52177.58,112,21,18.75,5119.15,47058.43
6,a43b9e0e-7715-434a-bb8a-cc306568d2f9,Condomínio Andrade Residence,2020-01,33582.079999999994,29384.319999999996,56,7,12.5,3640.92,25743.4
7,279f6b32-1aef-4b35-806d-6df9ccb3f9ba,Condomínio da Mata Residence,2020-01,28345.47,24687.99,93,12,12.9,3946.89,20741.1
8,180bc120-6b7f-4277-8686-f87b4316ea4a,Condomínio Dias Residence,2020-01,16235.560000000001,15497.58,44,2,4.55,1484.96,14012.62
9,e5d8764c-2923-4cd0-a9e1-06ff1e8017d2,Condomínio da Rosa Residence,2020-01,67730.76,55241.4,141,26,18.44,5246.4,49995.0
10,c851cb04-d3c8-44ac-930d-551f4911402d,Condomínio Costela Residence,2020-01,148110.51,124051.95000000001,197,32,16.24,18618.42,105433.53
11,535c1e8e-3d82-404a-b22b-b9d5c1874d86,Condomínio Pinto Residence,2020-01,46487.399999999994,41838.659999999996,60,6,10.0,3148.01,38690.65
12,f5b6efb9-3b6f-4e81-a81e-a4dc51b854ae,Condomínio Fonseca Residence,2020-01,72967.28,58674.72,97,19,19.59,5001.42,53673.3
13,832ce2c7-a20b-44fb-ba73-4b92a8ce5b43,Condomínio Jesus Residence,2020-02,31445.35,28100.1,47,5,10.64,4005.68,24094.42
14,3bd78b73-2998-4da1-92d6-7f6e1292e015,Condomínio Gomes Residence,2020-02,23541.98,19567.36,77,13,16.88,2859.23,16708.13
15,d772fedd-87f3-4d5e-895f-93b7e30e006d,Condomínio Porto Residence,2020-02,91689.84,76707.84,153,25,16.34,11017.17,65690.67
16,81012d17-3ed7-4097-8336-11a183f1d9e3,Condomínio da Cunha Residence,2020-02,69295.74,65898.89,102,5,4.9,3516.99,62381.9
17,609b30ec-ba65-45c4-8bc0-0b53cca3d28a,Condomínio Vasconcelos Residence,2020-02,64218.56,52177.58,112,21,18.75,9134.52,43043.06
18,a43b9e0e-7715-434a-bb8a-cc306568d2f9,Condomínio Andrade Residence,2020-02,33582.079999999994,29983.999999999996,56,6,10.71,2986.35,26997.65
19,279f6b32-1aef-4b35-806d-6df9ccb3f9ba,Condomínio da Mata Residence,2020-02,28345.47,22859.25,93,18,19.35,5684.76,17174.49
20,180bc120-6b7f-4277-8686-f87b4316ea4a,Condomínio Dias Residence,2020-02,16235.560000000001,14021.62,44,6,13.64,1588.23,12433.39
21,e5d8764c-2923-4cd0-a9e1-06ff1e8017d2,Condomínio da Rosa Residence,2020-02,67730.76,56682.48,141,23,16.31,8795.89,47886.59
22,c851cb04-d3c8-44ac-930d-551f4911402d,Condomínio Costela Residence,2020-02,148110.51,125555.61,197,30,15.23,16453.4,109102.21
23,535c1e8e-3d82-404a-b22b-b9d5c1874d86,Condomínio Pinto Residence,2020-02,46487.399999999994,41838.659999999996,60,6,10.0,5351.9,36486.76
24,f5b6efb9-3b6f-4e81-a81e-a4dc51b854ae,Condomínio Fonseca Residence,2020-02,72967.28,61683.68,97,15,15.46,5117.29,56566.39
25,832ce2c7-a20b-44fb-ba73-4b92a8ce5b43,Condomínio Jesus Residence,2020-03,31445.35,26762.0,47,7,14.89,2518.22,24243.78
26,3bd78b73-2998-4da1-92d6-7f6e1292e015,Condomínio Gomes Residence,2020-03,23541.98,22319.02,77,4,5.19,3685.79,18633.23
27,d772fedd-87f3-4d5e-895f-93b7e30e006d,Condomínio Porto Residence,2020-03,91689.84,76707.84,153,25,16.34,13178.99,63528.85
28,81012d17-3ed7-4097-8336-11a183f1d9e3,Condomínio da Cunha Residence,2020-03,69295.74,59784.56,102,14,13.73,5824.86,53959.7
29,609b30ec-ba65-45c4-8bc0-0b53cca3d28a,Condomínio Vasconcelos Residence,2020-03,64218.56,55617.86,112,15,13.39,9799.93,45817.93
30,a43b9e0e-7715-434a-bb8a-cc306568d2f9,Condomínio Andrade Residence,2020-03,33582.079999999994,29384.319999999996,56,7,12.5,4324.46,25059.86
31,279f6b32-1aef-4b35-806d-6df9ccb3f9ba,Condomínio da Mata Residence,2020-03,28345.47,23164.04,93,17,18.28,2939.22,20224.82
32,180bc120-6b7f-4277-8686-f87b4316ea4a,Condomínio Dias Residence,2020-03,16235.560000000001,14021.62,44,6,13.64,1614.26,12407.36
33,e5d8764c-2923-4cd0-a9e1-06ff1e8017d2,Condomínio da Rosa Residence,2020-03,67730.76,60045.0,141,16,11.35,5517.12,54527.88
34,c851cb04-d3c8-44ac-930d-551f4911402d,Condomínio Costela Residence,2020-03,148110.51,133825.74000000002,197,19,9.64,12447.41,121378.33
35,535c1e8e-3d82-404a-b22b-b9d5c1874d86,Condomínio Pinto Residence,2020-03,46487.399999999994,37189.92,60,12,20.0,2199.4,34990.52
36,f5b6efb9-3b6f-4e81-a81e-a4dc51b854ae,Condomínio Fonseca Residence,2020-03,72967.28,62435.92,97,14,14.43,4384.54,58051.38
37,832ce2c7-a20b-44fb-ba73-4b92a8ce5b43,Condomínio Jesus Residence,2020-04,31445.35,25423.899999999998,47,9,19.15,1778.18,23645.72
38,3bd78b73-2998-4da1-92d6-7f6e1292e015,Condomínio Gomes Residence,2020-04,23541.98,21401.8,77,7,9.09,3658.14,17743.66
39,d772fedd-87f3-4d5e-895f-93b7e30e006d,Condomínio Porto Residence,2020-04,91689.84,78505.68,153,22,14.38,6421.58,72084.1
40,81012d17-3ed7-4097-8336-11a183f1d9e3,Condomínio da Cunha Residence,2020-04,69295.74,61822.67,102,11,10.78,4153.4,57669.27
41,609b30ec-ba65-45c4-8bc0-0b53cca3d28a,Condomínio Vasconcelos Residence,2020-04,64218.56,57911.38,112,11,9.82,6308.23,51603.15
42,a43b9e0e-7715-434a-bb8a-cc306568d2f9,Condomínio Andrade Residence,2020-04,33582.079999999994,28784.64,56,8,14.29,2251.43,26533.21
43,279f6b32-1aef-4b35-806d-6df9ccb3f9ba,Condomínio da Mata Residence,2020-04,28345.47,25297.570000000003,93,10,10.75,3562.94,21734.63
44,180bc120-6b7f-4277-8686-f87b4316ea4a,Condomínio Dias Residence,2020-04,16235.560000000001,13652.630000000001,44,7,15.91,2372.34,11280.29
45,e5d8764c-2923-4cd0-a9e1-06ff1e8017d2,Condomínio da Rosa Residence,2020-04,67730.76,64368.240000000005,141,7,4.96,4921.21,59447.03
46,c851cb04-d3c8-44ac-930d-551f4911402d,Condomínio Costela Residence,2020-04,148110.51,134577.57,197,18,9.14,14350.7,120226.87
47,535c1e8e-3d82-404a-b22b-b9d5c1874d86,Condomínio Pinto Residence,2020-04,46487.399999999994,37964.71,60,11,18.33,5172.01,32792.7
48,f5b6efb9-3b6f-4e81-a81e-a4dc51b854ae,Condomínio Fonseca Residence,2020-04,72967.28,63940.4,97,12,12.37,9979.79,53960.61
49,832ce2c7-a20b-44fb-ba73-4b92a8ce5b43,Condomínio Jesus Residence,2020-05,31445.35,28769.149999999998,47,4,8.51,1630.84,27138.31
50,3bd78b73-2998-4da1-92d6-7f6e1292e015,Condomínio Gomes Residence,2020-05,23541.98,21096.06,77,8,10.39,3794.82,17301.24
51,d772fedd-87f3-4d5e-895f-93b7e30e006d,Condomínio Porto Residence,2020-05,91689.84,82700.64,153,15,9.8,11877.98,70822.66
52,81012d17-3ed7-4097-8336-11a183f1d9e3,Condomínio da Cunha Residence,2020-05,69295.74,64540.15,102,7,6.86,6455.43,58084.72
53,609b30ec-ba65-45c4-8bc0-0b53cca3d28a,Condomínio Vasconcelos Residence,2020-05,64218.56,56764.62,112,13,11.61,5181.17,51583.45
54,a43b9e0e-7715-434a-bb8a-cc306568d2f9,Condomínio Andrade Residence,2020-05,33582.079999999994,30583.679999999997,56,5,8.93,4609.12,25974.56
55,279f6b32-1aef-4b35-806d-6df9ccb3f9ba,Condomínio da Mata Residence,2020-05,28345.47,25602.36,93,9,9.68,5067.12,20535.24
56,180bc120-6b7f-4277-8686-f87b4316ea4a,Condomínio Dias Residence,2020-05,16235.560000000001,14390.61,44,5,11.36,1828.84,12561.77
57,e5d8764c-2923-4cd0-a9e1-06ff1e8017d2,Condomínio da Rosa Residence,2020-05,67730.76,61486.08,141,13,9.22,10130.42,51355.66
58,c851cb04-d3c8-44ac-930d-551f4911402d,Condomínio Costela Residence,2020-05,148110.51,132322.08000000002,197,21,10.66,10387.0,121935.08
59,535c1e8e-3d82-404a-b22b-b9d5c1874d86,Condomínio Pinto Residence,2020-05,46487.399999999994,37189.92,60,12,20.0,3476.92,33713.0
60,f5b6efb9-3b6f-4e81-a81e-a4dc51b854ae,Condomínio Fonseca Residence,2020-05,72967.28,68453.84,97,6,6.19,10301.29,58152.55
61,832ce2c7-a20b-44fb-ba73-4b92a8ce5b43,Condomínio Jesus Residence,2020-06,31445.35,28100.1,47,5,10.64,2747.52,25352.58
62,3bd78b73-2998-4da1-92d6-7f6e1292e015,Condomínio Gomes Residence,2020-06,23541.98,21707.54,77,6,7.79,2972.6,18734.94
63,d772fedd-87f3-4d5e-895f-93b7e30e006d,Condomínio Porto Residence,2020-06,91689.84,83899.2,153,13,8.5,5098.32,78800.88
64,81012d17-3ed7-4097-8336-11a183f1d9e3,Condomínio da Cunha Residence,2020-06,69295.74,63860.78,102,8,7.84,7743.62,56117.16
65,609b30ec-ba65-45c4-8bc0-0b53cca3d28a,Condomínio Vasconcelos Residence,2020-06,64218.56,52750.96,112,20,17.86,8375.65,44375.31
66,a43b9e0e-7715-434a-bb8a-cc306568d2f9,Condomínio Andrade Residence,2020-06,33582.079999999994,30583.679999999997,56,5,8.93,5118.21,25465.47
67,279f6b32-1aef-4b35-806d-6df9ccb3f9ba,Condomínio da Mata Residence,2020-06,28345.47,25907.15,93,8,8.6,3890.54,22016.61
68,180bc120-6b7f-4277-8686-f87b4316ea4a,Condomínio Dias Residence,2020-06,16235.560000000001,12914.65,44,9,20.45,1807.01,11107.64
69,e5d8764c-2923-4cd0-a9e1-06ff1e8017d2,Condomínio da Rosa Residence,2020-06,67730.76,63887.880000000005,141,8,5.67,5766.75,58121.13
70,c851cb04-d3c8-44ac-930d-551f4911402d,Condomínio Costela Residence,2020-06,148110.51,120292.8,197,37,18.78,17120.51,103172.29
71,535c1e8e-3d82-404a-b22b-b9d5c1874d86,Condomínio Pinto Residence,2020-06,46487.399999999994,41838.659999999996,60,6,10.0,4019.06,37819.6
72,f5b6efb9-3b6f-4e81-a81e-a4dc51b854ae,Condomínio Fonseca Residence,2020-06,72967.28,63940.4,97,12,12.37,5840.7,58099.7
73,832ce2c7-a20b-44fb-ba73-4b92a8ce5b43,Condomínio Jesus Residence,2020-07,31445.35,25423.899999999998,47,9,19.15,3865.59,21558.31
74,3bd78b73-2998-4da1-92d6-7f6e1292e015,Condomínio Gomes Residence,2020-07,23541.98,20790.32,77,9,11.69,3976.19,16814.13
75,d772fedd-87f3-4d5e-895f-93b7e30e006d,Condomínio Porto Residence,2020-07,91689.84,80303.51999999999,153,19,12.42,9309.4,70994.12
76,81012d17-3ed7-4097-8336-11a183f1d9e3,Condomínio da Cunha Residence,2020-07,69295.74,61822.67,102,11,10.78,4376.34,57446.33
77,609b30ec-ba65-45c4-8bc0-0b53cca3d28a,Condomínio Vasconcelos Residence,2020-07,64218.56,60778.28,112,6,5.36,7796.02,52982.26
78,a43b9e0e-7715-434a-bb8a-cc306568d2f9,Condomínio Andrade Residence,2020-07,33582.079999999994,27585.28,56,10,17.86,3109.9,24475.38
79,279f6b32-1aef-4b35-806d-6df9ccb3f9ba,Condomínio da Mata Residence,2020-07,28345.47,26516.730000000003,93,6,6.45,3513.29,23003.44
80,180bc120-6b7f-4277-8686-f87b4316ea4a,Condomínio Dias Residence,2020-07,16235.560000000001,14390.61,44,5,11.36,1998.63,12391.98
81,e5d8764c-2923-4cd0-a9e1-06ff1e8017d2,Condomínio da Rosa Residence,2020-07,67730.76,61966.44,141,12,8.51,4998.72,56967.72
82,c851cb04-d3c8-44ac-930d-551f4911402d,Condomínio Costela Residence,2020-07,148110.51,132322.08000000002,197,21,10.66,13725.05,118597.03
83,535c1e8e-3d82-404a-b22b-b9d5c1874d86,Condomínio Pinto Residence,2020-07,46487.399999999994,37964.71,60,11,18.33,4585.23,33379.48
84,f5b6efb9-3b6f-4e81-a81e-a4dc51b854ae,Condomínio Fonseca Residence,2020-07,72967.28,64692.64,97,11,11.34,6906.99,57785.65
85,832ce2c7-a20b-44fb-ba73-4b92a8ce5b43,Condomínio Jesus Residence,2020-08,31445.35,26762.0,47,7,14.89,4246.51,22515.49
86,3bd78b73-2998-4da1-92d6-7f6e1292e015,Condomínio Gomes Residence,2020-08,23541.98,22319.02,77,4,5.19,3864.25,18454.77
87,d772fedd-87f3-4d5e-895f-93b7e30e006d,Condomínio Porto Residence,2020-08,91689.84,83299.92,153,14,9.15,13842.98,69456.94
88,81012d17-3ed7-4097-8336-11a183f1d9e3,Condomínio da Cunha Residence,2020-08,69295.74,61143.3,102,12,11.76,3721.49,57421.81
89,609b30ec-ba65-45c4-8bc0-0b53cca3d28a,Condomínio Vasconcelos Residence,2020-08,64218.56,56191.24,112,14,12.5,5396.97,50794.27
90,a43b9e0e-7715-434a-bb8a-cc306568d2f9,Condomínio Andrade Residence,2020-08,33582.079999999994,26985.6,56,11,19.64,2947.98,24037.62
91,279f6b32-1aef-4b35-806d-6df9ccb3f9ba,Condomínio da Mata Residence,2020-08,28345.47,22859.25,93,18,19.35,4934.14,17925.11
92,180bc120-6b7f-4277-8686-f87b4316ea4a,Condomínio Dias Residence,2020-08,16235.560000000001,14021.62,44,6,13.64,2485.86,11535.76
93,e5d8764c-2923-4cd0-a9e1-06ff1e8017d2,Condomínio da Rosa Residence,2020-08,67730.76,56202.12,141,24,17.02,8087.92,48114.2
94,c851cb04-d3c8-44ac-930d-551f4911402d,Condomínio Costela Residence,2020-08,148110.51,126307.44,197,29,14.72,19356.61,106950.83
95,535c1e8e-3d82-404a-b22b-b9d5c1874d86,Condomínio Pinto Residence,2020-08,46487.399999999994,38739.5,60,10,16.67,5015.01,33724.49
96,f5b6efb9-3b6f-4e81-a81e-a4dc51b854ae,Condomínio Fonseca Residence,2020-08,72967.28,59426.96,97,18,18.56,3693.53,55733.43
97,832ce2c7-a20b-44fb-ba73-4b92a8ce5b43,Condomínio Jesus Residence,2020-09,31445.35,28769.149999999998,47,4,8.51,4369.95,24399.2
98,3bd78b73-2998-4da1-92d6-7f6e1292e015,Condomínio Gomes Residence,2020-09,23541.98,19261.62,77,14,18.18,2977.22,16284.4
99,d772fedd-87f3-4d5e-895f-93b7e30e006d,Condomínio Porto Residence,2020-09,91689.84,82700.64,153,15,9.8,13667.56,69033.08
100,81012d17-3ed7-4097-8336-11a183f1d9e3,Condomínio da Cunha Residence,2020-09,69295.74,58425.82,102,16,15.69,6007.93,52417.89
101,609b30ec-ba65-45c4-8bc0-0b53cca3d28a,Condomínio Vasconcelos Residence,2020-09,64218.56,60778.28,112,6,5.36,5160.03,55618.25
102,a43b9e0e-7715-434a-bb8a-cc306568d2f9,Condomínio Andrade Residence,2020-09,33582.079999999994,29384.319999999996,56,7,12.5,4104.17,25280.15
103,279f6b32-1aef-4b35-806d-6df9ccb3f9ba,Condomínio da Mata Residence,2020-09,28345.47,24687.99,93,12,12.9,4163.77,20524.22
104,180bc120-6b7f-4277-8686-f87b4316ea4a,Condomínio Dias Residence,2020-09,16235.560000000001,13283.64,44,8,18.18,1772.64,11511.0
105,e5d8764c-2923-4cd0-a9e1-06ff1e8017d2,Condomínio da Rosa Residence,2020-09,67730.76,57162.840000000004,141,22,15.6,7754.37,49408.47
106,c851cb04-d3c8-44ac-930d-551f4911402d,Condomínio Costela Residence,2020-09,148110.51,138336.72,197,13,6.6,14407.52,123929.2
107,535c1e8e-3d82-404a-b22b-b9d5c1874d86,Condomínio Pinto Residence,2020-09,46487.399999999994,41063.869999999995,60,7,11.67,3449.16,37614.71
108,f5b6efb9-3b6f-4e81-a81e-a4dc51b854ae,Condomínio Fonseca Residence,2020-09,72967.28,58674.72,97,19,19.59,6025.76,52648.96
109,832ce2c7-a20b-44fb-ba73-4b92a8ce5b43,Condomínio Jesus Residence,2020-10,31445.35,29438.199999999997,47,3,6.38,2968.16,26470.04
110,3bd78b73-2998-4da1-92d6-7f6e1292e015,Condomínio Gomes Residence,2020-10,23541.98,19567.36,77,13,16.88,3563.13,16004.23
111,d772fedd-87f3-4d5e-895f-93b7e30e006d,Condomínio Porto Residence,2020-10,91689.84,76707.84,153,25,16.34,5550.81,71157.03
112,81012d17-3ed7-4097-8336-11a183f1d9e3,Condomínio da Cunha Residence,2020-10,69295.74,60463.93,102,13,12.75,8007.4,52456.53
113,609b30ec-ba65-45c4-8bc0-0b53cca3d28a,Condomínio Vasconcelos Residence,2020-10,64218.56,53324.34,112,19,16.96,6351.12,46973.22
114,a43b9e0e-7715-434a-bb8a-cc306568d2f9,Condomínio Andrade Residence,2020-10,33582.079999999994,30583.679999999997,56,5,8.93,1981.78,28601.9
115,279f6b32-1aef-4b35-806d-6df9ccb3f9ba,Condomínio da Mata Residence,2020-10,28345.47,25297.570000000003,93,10,10.75,4665.13,20632.44
116,180bc120-6b7f-4277-8686-f87b4316ea4a,Condomínio Dias Residence,2020-10,16235.560000000001,14021.62,44,6,13.64,1762.3,12259.32
117,e5d8764c-2923-4cd0-a9e1-06ff1e8017d2,Condomínio da Rosa Residence,2020-10,67730.76,62927.16,141,10,7.09,6329.43,56597.73
118,c851cb04-d3c8-44ac-930d-551f4911402d,Condomínio Costela Residence,2020-10,148110.51,136081.23,197,16,8.12,6549.81,129531.42
119,535c1e8e-3d82-404a-b22b-b9d5c1874d86,Condomínio Pinto Residence,2020-10,46487.399999999994,41063.869999999995,60,7,11.67,2315.72,38748.15
120,f5b6efb9-3b6f-4e81-a81e-a4dc51b854ae,Condomínio Fonseca Residence,2020-10,72967.28,60931.44,97,16,16.49,6635.69,54295.75
121,832ce2c7-a20b-44fb-ba73-4b92a8ce5b43,Condomínio Jesus Residence,2020-11,31445.35,26762.0,47,7,14.89,4405.91,22356.09
122,3bd78b73-2998-4da1-92d6-7f6e1292e015,Condomínio Gomes Residence,2020-11,23541.98,21401.8,77,7,9.09,4102.23,17299.57
123,d772fedd-87f3-4d5e-895f-93b7e30e006d,Condomínio Porto Residence,2020-11,91689.84,77906.4,153,23,15.03,10818.81,67087.59
124,81012d17-3ed7-4097-8336-11a183f1d9e3,Condomínio da Cunha Residence,2020-11,69295.74,59784.56,102,14,13.73,6526.38,53258.18
125,609b30ec-ba65-45c4-8bc0-0b53cca3d28a,Condomínio Vasconcelos Residence,2020-11,64218.56,55617.86,112,15,13.39,7155.01,48462.85
126,a43b9e0e-7715-434a-bb8a-cc306568d2f9,Condomínio Andrade Residence,2020-11,33582.079999999994,29983.999999999996,56,6,10.71,2552.49,27431.51
127,279f6b32-1aef-4b35-806d-6df9ccb3f9ba,Condomínio da Mata Residence,2020-11,28345.47,24383.2,93,13,13.98,5070.53,19312.67
128,180bc120-6b7f-4277-8686-f87b4316ea4a,Condomínio Dias Residence,2020-11,16235.560000000001,13283.64,44,8,18.18,2713.21,10570.43
129,e5d8764c-2923-4cd0-a9e1-06ff1e8017d2,Condomínio da Rosa Residence,2020-11,67730.76,59564.64,141,17,12.06,10419.05,49145.59
130,c851cb04-d3c8-44ac-930d-551f4911402d,Condomínio Costela Residence,2020-11,148110.51,138336.72,197,13,6.6,12383.05,125953.67
131,535c1e8e-3d82-404a-b22b-b9d5c1874d86,Condomínio Pinto Residence,2020-11,46487.399999999994,38739.5,60,10,16.67,4539.27,34200.23
132,f5b6efb9-3b6f-4e81-a81e-a4dc51b854ae,Condomínio Fonseca Residence,2020-11,72967.28,60179.2,97,17,17.53,5618.26,54560.94
133,832ce2c7-a20b-44fb-ba73-4b92a8ce5b43,Condomínio Jesus Residence,2020-12,31445.35,26762.0,47,7,14.89,2393.1,24368.9
134,3bd78b73-2998-4da1-92d6-7f6e1292e015,Condomínio Gomes Residence,2020-12,23541.98,21096.06,77,8,10.39,3721.95,17374.11
135,d772fedd-87f3-4d5e-895f-93b7e30e006d,Condomínio Porto Residence,2020-12,91689.84,79704.23999999999,153,20,13.07,13418.25,66285.99
136,81012d17-3ed7-4097-8336-11a183f1d9e3,Condomínio da Cunha Residence,2020-12,69295.74,62502.04,102,10,9.8,9630.5,52871.54
137,609b30ec-ba65-45c4-8bc0-0b53cca3d28a,Condomínio Vasconcelos Residence,2020-12,64218.56,54471.1,112,17,15.18,5818.96,48652.14
138,a43b9e0e-7715-434a-bb8a-cc306568d2f9,Condomínio Andrade Residence,2020-12,33582.079999999994,28784.64,56,8,14.29,3827.96,24956.68
139,279f6b32-1aef-4b35-806d-6df9ccb3f9ba,Condomínio da Mata Residence,2020-12,28345.47,24992.780000000002,93,11,11.83,4206.85,20785.93
140,180bc120-6b7f-4277-8686-f87b4316ea4a,Condomínio Dias Residence,2020-12,16235.560000000001,14759.6,44,4,9.09,1420.25,13339.35
141,e5d8764c-2923-4cd0-a9e1-06ff1e8017d2,Condomínio da Rosa Residence,2020-12,67730.76,58603.92,141,19,13.48,7910.65,50693.27
142,c851cb04-d3c8-44ac-930d-551f4911402d,Condomínio Costela Residence,2020-12,148110.51,121044.63,197,36,18.27,19473.44,101571.19
143,535c1e8e-3d82-404a-b22b-b9d5c1874d86,Condomínio Pinto Residence,2020-12,46487.399999999994,40289.08,60,8,13.33,2998.58,37290.5
144,f5b6efb9-3b6f-4e81-a81e-a4dc51b854ae,Condomínio Fonseca Residence,2020-12,72967.28,66197.12,97,9,9.28,8179.79,58017.33
145,832ce2c7-a20b-44fb-ba73-4b92a8ce5b43,Condomínio Jesus Residence,2021-01,31445.35,28100.1,47,5,10.64,3875.42,24224.68
146,3bd78b73-2998-4da1-92d6-7f6e1292e015,Condomínio Gomes Residence,2021-01,23541.98,21401.8,77,7,9.09,3703.92,17697.88
147,d772fedd-87f3-4d5e-895f-93b7e30e006d,Condomínio Porto Residence,2021-01,91689.84,85097.76,153,11,7.19,13448.93,71648.83
148,81012d17-3ed7-4097-8336-11a183f1d9e3,Condomínio da Cunha Residence,2021-01,69295.74,59105.19,102,15,14.71,8125.85,50979.34
149,609b30ec-ba65-45c4-8bc0-0b53cca3d28a,Condomínio Vasconcelos Residence,2021-01,64218.56,55044.479999999996,112,16,14.29,5089.11,49955.37
150,a43b9e0e-7715-434a-bb8a-cc306568d2f9,Condomínio Andrade Residence,2021-01,33582.079999999994,28784.64,56,8,14.29,3614.72,25169.92
151,279f6b32-1aef-4b35-806d-6df9ccb3f9ba,Condomínio da Mata Residence,2021-01,28345.47,23164.04,93,17,18.28,4056.87,19107.17
152,180bc120-6b7f-4277-8686-f87b4316ea4a,Condomínio Dias Residence,2021-01,16235.560000000001,14390.61,44,5,11.36,1624.81,12765.8
153,e5d8764c-2923-4cd0-a9e1-06ff1e8017d2,Condomínio da Rosa Residence,2021-01,67730.76,57162.840000000004,141,22,15.6,5922.96,51239.88
154,c851cb04-d3c8-44ac-930d-551f4911402d,Condomínio Costela Residence,2021-01,148110.51,119540.97,197,38,19.29,17223.23,102317.74
155,535c1e8e-3d82-404a-b22b-b9d5c1874d86,Condomínio Pinto Residence,2021-01,46487.399999999994,42613.45,60,5,8.33,5053.49,37559.96
156,f5b6efb9-3b6f-4e81-a81e-a4dc51b854ae,Condomínio Fonseca Residence,2021-01,72967.28,60179.2,97,17,17.53,4774.47,55404.73
157,832ce2c7-a20b-44fb-ba73-4b92a8ce5b43,Condomínio Jesus Residence,2021-02,31445.35,28100.1,47,5,10.64,2963.71,25136.39
158,3bd78b73-2998-4da1-92d6-7f6e1292e015,Condomínio Gomes Residence,2021-02,23541.98,21707.54,77,6,7.79,3027.97,18679.57
159,d772fedd-87f3-4d5e-895f-93b7e30e006d,Condomínio Porto Residence,2021-02,91689.84,74310.72,153,29,18.95,7899.78,66410.94
160,81012d17-3ed7-4097-8336-11a183f1d9e3,Condomínio da Cunha Residence,2021-02,69295.74,56387.71,102,19,18.63,3731.81,52655.9
161,609b30ec-ba65-45c4-8bc0-0b53cca3d28a,Condomínio Vasconcelos Residence,2021-02,64218.56,56191.24,112,14,12.5,3620.32,52570.92
162,a43b9e0e-7715-434a-bb8a-cc306568d2f9,Condomínio Andrade Residence,2021-02,33582.079999999994,27585.28,56,10,17.86,1870.31,25714.97
163,279f6b32-1aef-4b35-806d-6df9ccb3f9ba,Condomínio da Mata Residence,2021-02,28345.47,24078.41,93,14,15.05,4211.82,19866.59
164,180bc120-6b7f-4277-8686-f87b4316ea4a,Condomínio Dias Residence,2021-02,16235.560000000001,14390.61,44,5,11.36,1403.08,12987.53
165,e5d8764c-2923-4cd0-a9e1-06ff1e8017d2,Condomínio da Rosa Residence,2021-02,67730.76,61005.72,141,14,9.93,9350.93,51654.79
166,c851cb04-d3c8-44ac-930d-551f4911402d,Condomínio Costela Residence,2021-02,148110.51,127059.27,197,28,14.21,16045.95,111013.32
167,535c1e8e-3d82-404a-b22b-b9d5c1874d86,Condomínio Pinto Residence,2021-02,46487.399999999994,38739.5,60,10,16.67,2939.66,35799.84
168,f5b6efb9-3b6f-4e81-a81e-a4dc51b854ae,Condomínio Fonseca Residence,2021-02,72967.28,63188.16,97,13,13.4,9951.83,53236.33
169,832ce2c7-a20b-44fb-ba73-4b92a8ce5b43,Condomínio Jesus Residence,2021-03,31445.35,26762.0,47,7,14.89,3137.55,23624.45
170,3bd78b73-2998-4da1-92d6-7f6e1292e015,Condomínio Gomes Residence,2021-03,23541.98,19567.36,77,13,16.88,3493.91,16073.45
171,d772fedd-87f3-4d5e-895f-93b7e30e006d,Condomínio Porto Residence,2021-03,91689.84,77307.12,153,24,15.69,10219.76,67087.36
172,81012d17-3ed7-4097-8336-11a183f1d9e3,Condomínio da Cunha Residence,2021-03,69295.74,56387.71,102,19,18.63,8853.68,47534.03
173,609b30ec-ba65-45c4-8bc0-0b53cca3d28a,Condomínio Vasconcelos Residence,2021-03,64218.56,54471.1,112,17,15.18,4878.66,49592.44
174,a43b9e0e-7715-434a-bb8a-cc306568d2f9,Condomínio Andrade Residence,2021-03,33582.079999999994,31183.359999999997,56,4,7.14,2977.48,28205.88
175,279f6b32-1aef-4b35-806d-6df9ccb3f9ba,Condomínio da Mata Residence,2021-03,28345.47,26516.730000000003,93,6,6.45,3109.32,23407.41
176,180bc120-6b7f-4277-8686-f87b4316ea4a,Condomínio Dias Residence,2021-03,16235.560000000001,14021.62,44,6,13.64,2134.05,11887.57
177,e5d8764c-2923-4cd0-a9e1-06ff1e8017d2,Condomínio da Rosa Residence,2021-03,67730.76,62927.16,141,10,7.09,8247.34,54679.82
178,c851cb04-d3c8-44ac-930d-551f4911402d,Condomínio Costela Residence,2021-03,148110.51,128562.93000000001,197,26,13.2,19429.62,109133.31
179,535c1e8e-3d82-404a-b22b-b9d5c1874d86,Condomínio Pinto Residence,2021-03,46487.399999999994,40289.08,60,8,13.33,5626.74,34662.34
180,f5b6efb9-3b6f-4e81-a81e-a4dc51b854ae,Condomínio Fonseca Residence,2021-03,72967.28,59426.96,97,18,18.56,9287.78,50139.18
181,832ce2c7-a20b-44fb-ba73-4b92a8ce5b43,Condomínio Jesus Residence,2021-04,31445.35,26092.949999999997,47,8,17.02,3904.37,22188.58
182,3bd78b73-2998-4da1-92d6-7f6e1292e015,Condomínio Gomes Residence,2021-04,23541.98,20178.84,77,11,14.29,2552.64,17626.2
183,d772fedd-87f3-4d5e-895f-93b7e30e006d,Condomínio Porto Residence,2021-04,91689.84,82101.36,153,16,10.46,10543.13,71558.23
184,81012d17-3ed7-4097-8336-11a183f1d9e3,Condomínio da Cunha Residence,2021-04,69295.74,63860.78,102,8,7.84,6508.01,57352.77
185,609b30ec-ba65-45c4-8bc0-0b53cca3d28a,Condomínio Vasconcelos Residence,2021-04,64218.56,59058.14,112,9,8.04,6100.38,52957.76
186,a43b9e0e-7715-434a-bb8a-cc306568d2f9,Condomínio Andrade Residence,2021-04,33582.079999999994,30583.679999999997,56,5,8.93,2816.49,27767.19
187,279f6b32-1aef-4b35-806d-6df9ccb3f9ba,Condomínio da Mata Residence,2021-04,28345.47,23164.04,93,17,18.28,3474.32,19689.72
188,180bc120-6b7f-4277-8686-f87b4316ea4a,Condomínio Dias Residence,2021-04,16235.560000000001,13652.630000000001,44,7,15.91,2138.55,11514.08
189,e5d8764c-2923-4cd0-a9e1-06ff1e8017d2,Condomínio da Rosa Residence,2021-04,67730.76,62927.16,141,10,7.09,4894.29,58032.87
190,c851cb04-d3c8-44ac-930d-551f4911402d,Condomínio Costela Residence,2021-04,148110.51,119540.97,197,38,19.29,9463.67,110077.3
191,535c1e8e-3d82-404a-b22b-b9d5c1874d86,Condomínio Pinto Residence,2021-04,46487.399999999994,37189.92,60,12,20.0,5655.92,31534.0
192,f5b6efb9-3b6f-4e81-a81e-a4dc51b854ae,Condomínio Fonseca Residence,2021-04,72967.28,60931.44,97,16,16.49,5893.19,55038.25
193,832ce2c7-a20b-44fb-ba73-4b92a8ce5b43,Condomínio Jesus Residence,2021-05,31445.35,25423.899999999998,47,9,19.15,1940.77,23483.13
194,3bd78b73-2998-4da1-92d6-7f6e1292e015,Condomínio Gomes Residence,2021-05,23541.98,21096.06,77,8,10.39,3181.64,17914.42
195,d772fedd-87f3-4d5e-895f-93b7e30e006d,Condomínio Porto Residence,2021-05,91689.84,79704.23999999999,153,20,13.07,12103.51,67600.73
196,81012d17-3ed7-4097-8336-11a183f1d9e3,Condomínio da Cunha Residence,2021-05,69295.74,55708.340000000004,102,20,19.61,3475.34,52233.0
197,609b30ec-ba65-45c4-8bc0-0b53cca3d28a,Condomínio Vasconcelos Residence,2021-05,64218.56,51604.2,112,22,19.64,7822.25,43781.95
198,a43b9e0e-7715-434a-bb8a-cc306568d2f9,Condomínio Andrade Residence,2021-05,33582.079999999994,30583.679999999997,56,5,8.93,1810.34,28773.34
199,279f6b32-1aef-4b35-806d-6df9ccb3f9ba,Condomínio da Mata Residence,2021-05,28345.47,26516.730000000003,93,6,6.45,3720.74,22795.99
200,180bc120-6b7f-4277-8686-f87b4316ea4a,Condomínio Dias Residence,2021-05,16235.560000000001,15128.59,44,3,6.82,2791.42,12337.17
201,e5d8764c-2923-4cd0-a9e1-06ff1e8017d2,Condomínio da Rosa Residence,2021-05,67730.76,61005.72,141,14,9.93,4493.08,56512.64
202,c851cb04-d3c8-44ac-930d-551f4911402d,Condomínio Costela Residence,2021-05,148110.51,128562.93000000001,197,26,13.2,20472.24,108090.69
203,535c1e8e-3d82-404a-b22b-b9d5c1874d86,Condomínio Pinto Residence,2021-05,46487.399999999994,39514.29,60,9,15.0,6270.94,33243.35
204,f5b6efb9-3b6f-4e81-a81e-a4dc51b854ae,Condomínio Fonseca Residence,2021-05,72967.28,66197.12,97,9,9.28,7205.68,58991.44
205,832ce2c7-a20b-44fb-ba73-4b92a8ce5b43,Condomínio Jesus Residence,2021-06,31445.35,28769.149999999998,47,4,8.51,1792.76,26976.39
206,3bd78b73-2998-4da1-92d6-7f6e1292e015,Condomínio Gomes Residence,2021-06,23541.98,19261.62,77,14,18.18,2471.68,16789.94
207,d772fedd-87f3-4d5e-895f-93b7e30e006d,Condomínio Porto Residence,2021-06,91689.84,77906.4,153,23,15.03,4950.54,72955.86
208,81012d17-3ed7-4097-8336-11a183f1d9e3,Condomínio da Cunha Residence,2021-06,69295.74,63860.78,102,8,7.84,3642.63,60218.15
209,609b30ec-ba65-45c4-8bc0-0b53cca3d28a,Condomínio Vasconcelos Residence,2021-06,64218.56,58484.76,112,10,8.93,6290.56,52194.2
210,a43b9e0e-7715-434a-bb8a-cc306568d2f9,Condomínio Andrade Residence,2021-06,33582.079999999994,27585.28,56,10,17.86,4509.82,23075.46
211,279f6b32-1aef-4b35-806d-6df9ccb3f9ba,Condomínio da Mata Residence,2021-06,28345.47,26211.940000000002,93,7,7.53,4034.59,22177.35
212,180bc120-6b7f-4277-8686-f87b4316ea4a,Condomínio Dias Residence,2021-06,16235.560000000001,14021.62,44,6,13.64,2734.21,11287.41
213,e5d8764c-2923-4cd0-a9e1-06ff1e8017d2,Condomínio da Rosa Residence,2021-06,67730.76,54761.04,141,27,19.15,9588.94,45172.1
214,c851cb04-d3c8-44ac-930d-551f4911402d,Condomínio Costela Residence,2021-06,148110.51,129314.76000000001,197,25,12.69,15289.88,114024.88
215,535c1e8e-3d82-404a-b22b-b9d5c1874d86,Condomínio Pinto Residence,2021-06,46487.399999999994,44163.03,60,3,5.0,6058.61,38104.42
216,f5b6efb9-3b6f-4e81-a81e-a4dc51b854ae,Condomínio Fonseca Residence,2021-06,72967.28,66949.36,97,8,8.25,5977.64,60971.72
217,832ce2c7-a20b-44fb-ba73-4b92a8ce5b43,Condomínio Jesus Residence,2021-07,31445.35,26092.949999999997,47,8,17.02,2064.52,24028.43
218,3bd78b73-2998-4da1-92d6-7f6e1292e015,Condomínio Gomes Residence,2021-07,23541.98,19873.100000000002,77,12,15.58,3822.76,16050.34
219,d772fedd-87f3-4d5e-895f-93b7e30e006d,Condomínio Porto Residence,2021-07,91689.84,76707.84,153,25,16.34,8178.24,68529.6
220,81012d17-3ed7-4097-8336-11a183f1d9e3,Condomínio da Cunha Residence,2021-07,69295.74,63181.41,102,9,8.82,5608.5,57572.91
221,609b30ec-ba65-45c4-8bc0-0b53cca3d28a,Condomínio Vasconcelos Residence,2021-07,64218.56,60204.9,112,7,6.25,6579.75,53625.15
222,a43b9e0e-7715-434a-bb8a-cc306568d2f9,Condomínio Andrade Residence,2021-07,33582.079999999994,31783.039999999997,56,3,5.36,2770.69,29012.35
223,279f6b32-1aef-4b35-806d-6df9ccb3f9ba,Condomínio da Mata Residence,2021-07,28345.47,22859.25,93,18,19.35,3079.82,19779.43
224,180bc120-6b7f-4277-8686-f87b4316ea4a,Condomínio Dias Residence,2021-07,16235.560000000001,13283.64,44,8,18.18,2388.08,10895.56
225,e5d8764c-2923-4cd0-a9e1-06ff1e8017d2,Condomínio da Rosa Residence,2021-07,67730.76,56682.48,141,23,16.31,9494.64,47187.84
226,c851cb04-d3c8-44ac-930d-551f4911402d,Condomínio Costela Residence,2021-07,148110.51,125555.61,197,30,15.23,11970.46,113585.15
227,535c1e8e-3d82-404a-b22b-b9d5c1874d86,Condomínio Pinto Residence,2021-07,46487.399999999994,37964.71,60,11,18.33,2873.44,35091.27
228,f5b6efb9-3b6f-4e81-a81e-a4dc51b854ae,Condomínio Fonseca Residence,2021-07,72967.28,58674.72,97,19,19.59,6045.16,52629.56
229,832ce2c7-a20b-44fb-ba73-4b92a8ce5b43,Condomínio Jesus Residence,2021-08,31445.35,30107.249999999996,47,2,4.26,3106.44,27000.81
230,3bd78b73-2998-4da1-92d6-7f6e1292e015,Condomínio Gomes Residence,2021-08,23541.98,18955.88,77,15,19.48,4509.6,14446.28
231,d772fedd-87f3-4d5e-895f-93b7e30e006d,Condomínio Porto Residence,2021-08,91689.84,81502.08,153,17,11.11,4962.61,76539.47
232,81012d17-3ed7-4097-8336-11a183f1d9e3,Condomínio da Cunha Residence,2021-08,69295.74,56387.71,102,19,18.63,6605.23,49782.48
233,609b30ec-ba65-45c4-8bc0-0b53cca3d28a,Condomínio Vasconcelos Residence,2021-08,64218.56,52750.96,112,20,17.86,3564.87,49186.09
234,a43b9e0e-7715-434a-bb8a-cc306568d2f9,Condomínio Andrade Residence,2021-08,33582.079999999994,28784.64,56,8,14.29,2564.97,26219.67
235,279f6b32-1aef-4b35-806d-6df9ccb3f9ba,Condomínio da Mata Residence,2021-08,28345.47,26211.940000000002,93,7,7.53,4120.01,22091.93
236,180bc120-6b7f-4277-8686-f87b4316ea4a,Condomínio Dias Residence,2021-08,16235.560000000001,14021.62,44,6,13.64,2239.67,11781.95
237,e5d8764c-2923-4cd0-a9e1-06ff1e8017d2,Condomínio da Rosa Residence,2021-08,67730.76,63407.520000000004,141,9,6.38,5920.44,57487.08
238,c851cb04-d3c8-44ac-930d-551f4911402d,Condomínio Costela Residence,2021-08,148110.51,133073.91,197,20,10.15,13211.11,119862.8
239,535c1e8e-3d82-404a-b22b-b9d5c1874d86,Condomínio Pinto Residence,2021-08,46487.399999999994,41838.659999999996,60,6,10.0,4332.63,37506.03
240,f5b6efb9-3b6f-4e81-a81e-a4dc51b854ae,Condomínio Fonseca Residence,2021-08,72967.28,66949.36,97,8,8.25,3370.8,63578.56
241,832ce2c7-a20b-44fb-ba73-4b92a8ce5b43,Condomínio Jesus Residence,2021-09,31445.35,29438.199999999997,47,3,6.38,2726.78,26711.42
242,3bd78b73-2998-4da1-92d6-7f6e1292e015,Condomínio Gomes Residence,2021-09,23541.98,22013.28,77,5,6.49,3064.18,18949.1
243,d772fedd-87f3-4d5e-895f-93b7e30e006d,Condomínio Porto Residence,2021-09,91689.84,75509.28,153,27,17.65,4846.63,70662.65
244,81012d17-3ed7-4097-8336-11a183f1d9e3,Condomínio da Cunha Residence,2021-09,69295.74,57067.08,102,18,17.65,7940.12,49126.96
245,609b30ec-ba65-45c4-8bc0-0b53cca3d28a,Condomínio Vasconcelos Residence,2021-09,64218.56,59631.52,112,8,7.14,5416.8,54214.72
246,a43b9e0e-7715-434a-bb8a-cc306568d2f9,Condomínio Andrade Residence,2021-09,33582.079999999994,29983.999999999996,56,6,10.71,3543.19,26440.81
247,279f6b32-1aef-4b35-806d-6df9ccb3f9ba,Condomínio da Mata Residence,2021-09,28345.47,26516.730000000003,93,6,6.45,3957.5,22559.23
248,180bc120-6b7f-4277-8686-f87b4316ea4a,Condomínio Dias Residence,2021-09,16235.560000000001,13652.630000000001,44,7,15.91,2189.78,11462.85
249,e5d8764c-2923-4cd0-a9e1-06ff1e8017d2,Condomínio da Rosa Residence,2021-09,67730.76,64368.240000000005,141,7,4.96,7291.29,57076.95
250,c851cb04-d3c8-44ac-930d-551f4911402d,Condomínio Costela Residence,2021-09,148110.51,121796.46,197,35,17.77,18186.09,103610.37
251,535c1e8e-3d82-404a-b22b-b9d5c1874d86,Condomínio Pinto Residence,2021-09,46487.399999999994,39514.29,60,9,15.0,4712.32,34801.97
252,f5b6efb9-3b6f-4e81-a81e-a4dc51b854ae,Condomínio Fonseca Residence,2021-09,72967.28,68453.84,97,6,6.19,6040.88,62412.96
253,832ce2c7-a20b-44fb-ba73-4b92a8ce5b43,Condomínio Jesus Residence,2021-10,31445.35,26762.0,47,7,14.89,3342.65,23419.35
254,3bd78b73-2998-4da1-92d6-7f6e1292e015,Condomínio Gomes Residence,2021-10,23541.98,22319.02,77,4,5.19,3210.92,19108.1
255,d772fedd-87f3-4d5e-895f-93b7e30e006d,Condomínio Porto Residence,2021-10,91689.84,85097.76,153,11,7.19,4910.71,80187.05
256,81012d17-3ed7-4097-8336-11a183f1d9e3,Condomínio da Cunha Residence,2021-10,69295.74,59105.19,102,15,14.71,7502.73,51602.46
257,609b30ec-ba65-45c4-8bc0-0b53cca3d28a,Condomínio Vasconcelos Residence,2021-10,64218.56,57338.0,112,12,10.71,6954.19,50383.81
258,a43b9e0e-7715-434a-bb8a-cc306568d2f9,Condomínio Andrade Residence,2021-10,33582.079999999994,27585.28,56,10,17.86,4686.19,22899.09
259,279f6b32-1aef-4b35-806d-6df9ccb3f9ba,Condomínio da Mata Residence,2021-10,28345.47,24992.780000000002,93,11,11.83,4739.37,20253.41
260,180bc120-6b7f-4277-8686-f87b4316ea4a,Condomínio Dias Residence,2021-10,16235.560000000001,13652.630000000001,44,7,15.91,1678.73,11973.9
261,e5d8764c-2923-4cd0-a9e1-06ff1e8017d2,Condomínio da Rosa Residence,2021-10,67730.76,56202.12,141,24,17.02,7667.36,48534.76
262,c851cb04-d3c8-44ac-930d-551f4911402d,Condomínio Costela Residence,2021-10,148110.51,129314.76000000001,197,25,12.69,14118.23,115196.53
263,535c1e8e-3d82-404a-b22b-b9d5c1874d86,Condomínio Pinto Residence,2021-10,46487.399999999994,41838.659999999996,60,6,10.0,3704.9,38133.76
264,f5b6efb9-3b6f-4e81-a81e-a4dc51b854ae,Condomínio Fonseca Residence,2021-10,72967.28,61683.68,97,15,15.46,4290.0,57393.68
265,832ce2c7-a20b-44fb-ba73-4b92a8ce5b43,Condomínio Jesus Residence,2021-11,31445.35,26092.949999999997,47,8,17.02,3145.94,22947.01
266,3bd78b73-2998-4da1-92d6-7f6e1292e015,Condomínio Gomes Residence,2021-11,23541.98,21707.54,77,6,7.79,4052.29,17655.25
267,d772fedd-87f3-4d5e-895f-93b7e30e006d,Condomínio Porto Residence,2021-11,91689.84,85097.76,153,11,7.19,7796.04,77301.72
268,81012d17-3ed7-4097-8336-11a183f1d9e3,Condomínio da Cunha Residence,2021-11,69295.74,59105.19,102,15,14.71,8958.27,50146.92
269,609b30ec-ba65-45c4-8bc0-0b53cca3d28a,Condomínio Vasconcelos Residence,2021-11,64218.56,55044.479999999996,112,16,14.29,8606.24,46438.24
270,a43b9e0e-7715-434a-bb8a-cc306568d2f9,Condomínio Andrade Residence,2021-11,33582.079999999994,29384.319999999996,56,7,12.5,2319.23,27065.09
271,279f6b32-1aef-4b35-806d-6df9ccb3f9ba,Condomínio da Mata Residence,2021-11,28345.47,23773.620000000003,93,15,16.13,5505.27,18268.35
272,180bc120-6b7f-4277-8686-f87b4316ea4a,Condomínio Dias Residence,2021-11,16235.560000000001,14759.6,44,4,9.09,1446.7,13312.9
273,e5d8764c-2923-4cd0-a9e1-06ff1e8017d2,Condomínio da Rosa Residence,2021-11,67730.76,61005.72,141,14,9.93,6650.24,54355.48
274,c851cb04-d3c8-44ac-930d-551f4911402d,Condomínio Costela Residence,2021-11,148110.51,119540.97,197,38,19.29,7080.49,112460.48
275,535c1e8e-3d82-404a-b22b-b9d5c1874d86,Condomínio Pinto Residence,2021-11,46487.399999999994,44163.03,60,3,5.0,1943.46,42219.57
276,f5b6efb9-3b6f-4e81-a81e-a4dc51b854ae,Condomínio Fonseca Residence,2021-11,72967.28,61683.68,97,15,15.46,6007.83,55675.85
277,832ce2c7-a20b-44fb-ba73-4b92a8ce5b43,Condomínio Jesus Residence,2021-12,31445.35,26092.949999999997,47,8,17.02,2466.7,23626.25
278,3bd78b73-2998-4da1-92d6-7f6e1292e015,Condomínio Gomes Residence,2021-12,23541.98,18955.88,77,15,19.48,4138.03,14817.85
279,d772fedd-87f3-4d5e-895f-93b7e30e006d,Condomínio Porto Residence,2021-12,91689.84,86296.31999999999,153,9,5.88,4913.28,81383.04
280,81012d17-3ed7-4097-8336-11a183f1d9e3,Condomínio da Cunha Residence,2021-12,69295.74,63860.78,102,8,7.84,9570.93,54289.85
281,609b30ec-ba65-45c4-8bc0-0b53cca3d28a,Condomínio Vasconcelos Residence,2021-12,64218.56,53324.34,112,19,16.96,8277.09,45047.25
282,a43b9e0e-7715-434a-bb8a-cc306568d2f9,Condomínio Andrade Residence,2021-12,33582.079999999994,31783.039999999997,56,3,5.36,2397.21,29385.83
283,279f6b32-1aef-4b35-806d-6df9ccb3f9ba,Condomínio da Mata Residence,2021-12,28345.47,23164.04,93,17,18.28,3758.99,19405.05
284,180bc120-6b7f-4277-8686-f87b4316ea4a,Condomínio Dias Residence,2021-12,16235.560000000001,13652.630000000001,44,7,15.91,1462.76,12189.87
285,e5d8764c-2923-4cd0-a9e1-06ff1e8017d2,Condomínio da Rosa Residence,2021-12,67730.76,62927.16,141,10,7.09,6964.31,55962.85
286,c851cb04-d3c8-44ac-930d-551f4911402d,Condomínio Costela Residence,2021-12,148110.51,139840.38,197,11,5.58,11186.43,128653.95
287,535c1e8e-3d82-404a-b22b-b9d5c1874d86,Condomínio Pinto Residence,2021-12,46487.399999999994,41063.869999999995,60,7,11.67,3743.31,37320.56
288,f5b6efb9-3b6f-4e81-a81e-a4dc51b854ae,Condomínio Fonseca Residence,2021-12,72967.28,63940.4,97,12,12.37,8985.55,54954.85
289,832ce2c7-a20b-44fb-ba73-4b92a8ce5b43,Condomínio Jesus Residence,2022-01,31445.35,26092.949999999997,47,8,17.02,2796.81,23296.14
290,3bd78b73-2998-4da1-92d6-7f6e1292e015,Condomínio Gomes Residence,2022-01,23541.98,21401.8,77,7,9.09,4641.88,16759.92
291,d772fedd-87f3-4d5e-895f-93b7e30e006d,Condomínio Porto Residence,2022-01,91689.84,86296.31999999999,153,9,5.88,8207.08,78089.24
292,81012d17-3ed7-4097-8336-11a183f1d9e3,Condomínio da Cunha Residence,2022-01,69295.74,61143.3,102,12,11.76,5322.78,55820.52
293,609b30ec-ba65-45c4-8bc0-0b53cca3d28a,Condomínio Vasconcelos Residence,2022-01,64218.56,54471.1,112,17,15.18,7987.02,46484.08
294,a43b9e0e-7715-434a-bb8a-cc306568d2f9,Condomínio Andrade Residence,2022-01,33582.079999999994,26985.6,56,11,19.64,4483.7,22501.9
295,279f6b32-1aef-4b35-806d-6df9ccb3f9ba,Condomínio da Mata Residence,2022-01,28345.47,24383.2,93,13,13.98,3930.84,20452.36
296,180bc120-6b7f-4277-8686-f87b4316ea4a,Condomínio Dias Residence,2022-01,16235.560000000001,14759.6,44,4,9.09,2418.7,12340.9
297,e5d8764c-2923-4cd0-a9e1-06ff1e8017d2,Condomínio da Rosa Residence,2022-01,67730.76,64368.240000000005,141,7,4.96,5181.51,59186.73
298,c851cb04-d3c8-44ac-930d-551f4911402d,Condomínio Costela Residence,2022-01,148110.51,121796.46,197,35,17.77,15241.66,106554.8
299,535c1e8e-3d82-404a-b22b-b9d5c1874d86,Condomínio Pinto Residence,2022-01,46487.399999999994,41063.869999999995,60,7,11.67,5202.86,35861.01
300,f5b6efb9-3b6f-4e81-a81e-a4dc51b854ae,Condomínio Fonseca Residence,2022-01,72967.28,60179.2,97,17,17.53,9847.3,50331.9
301,832ce2c7-a20b-44fb-ba73-4b92a8ce5b43,Condomínio Jesus Residence,2022-02,31445.35,26762.0,47,7,14.89,3725.32,23036.68
302,3bd78b73-2998-4da1-92d6-7f6e1292e015,Condomínio Gomes Residence,2022-02,23541.98,22319.02,77,4,5.19,3703.36,18615.66
303,d772fedd-87f3-4d5e-895f-93b7e30e006d,Condomínio Porto Residence,2022-02,91689.84,76707.84,153,25,16.34,7462.0,69245.84
304,81012d17-3ed7-4097-8336-11a183f1d9e3,Condomínio da Cunha Residence,2022-02,69295.74,57067.08,102,18,17.65,8441.38,48625.7
305,609b30ec-ba65-45c4-8bc0-0b53cca3d28a,Condomínio Vasconcelos Residence,2022-02,64218.56,52177.58,112,21,18.75,4042.87,48134.71
306,a43b9e0e-7715-434a-bb8a-cc306568d2f9,Condomínio Andrade Residence,2022-02,33582.079999999994,30583.679999999997,56,5,8.93,4735.31,25848.37
307,279f6b32-1aef-4b35-806d-6df9ccb3f9ba,Condomínio da Mata Residence,2022-02,28345.47,22859.25,93,18,19.35,3253.29,19605.96
308,180bc120-6b7f-4277-8686-f87b4316ea4a,Condomínio Dias Residence,2022-02,16235.560000000001,14021.62,44,6,13.64,1740.0,12281.62
309,e5d8764c-2923-4cd0-a9e1-06ff1e8017d2,Condomínio da Rosa Residence,2022-02,67730.76,64368.240000000005,141,7,4.96,4814.91,59553.33
310,c851cb04-d3c8-44ac-930d-551f4911402d,Condomínio Costela Residence,2022-02,148110.51,119540.97,197,38,19.29,19474.65,100066.32
311,535c1e8e-3d82-404a-b22b-b9d5c1874d86,Condomínio Pinto Residence,2022-02,46487.399999999994,41063.869999999995,60,7,11.67,3196.51,37867.36
312,f5b6efb9-3b6f-4e81-a81e-a4dc51b854ae,Condomínio Fonseca Residence,2022-02,72967.28,60931.44,97,16,16.49,4360.12,56571.32
313,832ce2c7-a20b-44fb-ba73-4b92a8ce5b43,Condomínio Jesus Residence,2022-03,31445.35,28100.1,47,5,10.64,3109.77,24990.33
314,3bd78b73-2998-4da1-92d6-7f6e1292e015,Condomínio Gomes Residence,2022-03,23541.98,20178.84,77,11,14.29,2510.07,17668.77
315,d772fedd-87f3-4d5e-895f-93b7e30e006d,Condomínio Porto Residence,2022-03,91689.84,85697.04,153,10,6.54,11662.63,74034.41
316,81012d17-3ed7-4097-8336-11a183f1d9e3,Condomínio da Cunha Residence,2022-03,69295.74,63860.78,102,8,7.84,7661.04,56199.74
317,609b30ec-ba65-45c4-8bc0-0b53cca3d28a,Condomínio Vasconcelos Residence,2022-03,64218.56,51604.2,112,22,19.64,8160.26,43443.94
318,a43b9e0e-7715-434a-bb8a-cc306568d2f9,Condomínio Andrade Residence,2022-03,33582.079999999994,28784.64,56,8,14.29,4205.43,24579.21
319,279f6b32-1aef-4b35-806d-6df9ccb3f9ba,Condomínio da Mata Residence,2022-03,28345.47,25602.36,93,9,9.68,3914.41,21687.95
320,180bc120-6b7f-4277-8686-f87b4316ea4a,Condomínio Dias Residence,2022-03,16235.560000000001,15497.58,44,2,4.55,2344.1,13153.48
321,e5d8764c-2923-4cd0-a9e1-06ff1e8017d2,Condomínio da Rosa Residence,2022-03,67730.76,64368.240000000005,141,7,4.96,9351.79,55016.45
322,c851cb04-d3c8-44ac-930d-551f4911402d,Condomínio Costela Residence,2022-03,148110.51,137584.89,197,14,7.11,11713.0,125871.89
323,535c1e8e-3d82-404a-b22b-b9d5c1874d86,Condomínio Pinto Residence,2022-03,46487.399999999994,37964.71,60,11,18.33,2541.87,35422.84
324,f5b6efb9-3b6f-4e81-a81e-a4dc51b854ae,Condomínio Fonseca Residence,2022-03,72967.28,61683.68,97,15,15.46,5788.31,55895.37
325,832ce2c7-a20b-44fb-ba73-4b92a8ce5b43,Condomínio Jesus Residence,2022-04,31445.35,26092.949999999997,47,8,17.02,2548.46,23544.49
326,3bd78b73-2998-4da1-92d6-7f6e1292e015,Condomínio Gomes Residence,2022-04,23541.98,20790.32,77,9,11.69,4112.06,16678.26
327,d772fedd-87f3-4d5e-895f-93b7e30e006d,Condomínio Porto Residence,2022-04,91689.84,73711.44,153,30,19.61,12525.71,61185.73
328,81012d17-3ed7-4097-8336-11a183f1d9e3,Condomínio da Cunha Residence,2022-04,69295.74,62502.04,102,10,9.8,4217.82,58284.22
329,609b30ec-ba65-45c4-8bc0-0b53cca3d28a,Condomínio Vasconcelos Residence,2022-04,64218.56,53324.34,112,19,16.96,9607.11,43717.23
330,a43b9e0e-7715-434a-bb8a-cc306568d2f9,Condomínio Andrade Residence,2022-04,33582.079999999994,31183.359999999997,56,4,7.14,4623.47,26559.89
331,279f6b32-1aef-4b35-806d-6df9ccb3f9ba,Condomínio da Mata Residence,2022-04,28345.47,24383.2,93,13,13.98,3388.41,20994.79
332,180bc120-6b7f-4277-8686-f87b4316ea4a,Condomínio Dias Residence,2022-04,16235.560000000001,14021.62,44,6,13.64,2526.22,11495.4
333,e5d8764c-2923-4cd0-a9e1-06ff1e8017d2,Condomínio da Rosa Residence,2022-04,67730.76,59564.64,141,17,12.06,8060.7,51503.94
334,c851cb04-d3c8-44ac-930d-551f4911402d,Condomínio Costela Residence,2022-04,148110.51,139088.55000000002,197,12,6.09,6251.17,132837.38
335,535c1e8e-3d82-404a-b22b-b9d5c1874d86,Condomínio Pinto Residence,2022-04,46487.399999999994,41838.659999999996,60,6,10.0,5310.68,36527.98
336,f5b6efb9-3b6f-4e81-a81e-a4dc51b854ae,Condomínio Fonseca Residence,2022-04,72967.28,63940.4,97,12,12.37,9451.03,54489.37
337,832ce2c7-a20b-44fb-ba73-4b92a8ce5b43,Condomínio Jesus Residence,2022-05,31445.35,25423.899999999998,47,9,19.15,2438.48,22985.42
338,3bd78b73-2998-4da1-92d6-7f6e1292e015,Condomínio Gomes Residence,2022-05,23541.98,22013.28,77,5,6.49,4335.97,17677.31
339,d772fedd-87f3-4d5e-895f-93b7e30e006d,Condomínio Porto Residence,2022-05,91689.84,79104.95999999999,153,21,13.73,13180.97,65923.99
340,81012d17-3ed7-4097-8336-11a183f1d9e3,Condomínio da Cunha Residence,2022-05,69295.74,57067.08,102,18,17.65,7900.03,49167.05
341,609b30ec-ba65-45c4-8bc0-0b53cca3d28a,Condomínio Vasconcelos Residence,2022-05,64218.56,55044.479999999996,112,16,14.29,5412.75,49631.73
342,a43b9e0e-7715-434a-bb8a-cc306568d2f9,Condomínio Andrade Residence,2022-05,33582.079999999994,31783.039999999997,56,3,5.36,3776.97,28006.07
343,279f6b32-1aef-4b35-806d-6df9ccb3f9ba,Condomínio da Mata Residence,2022-05,28345.47,26516.730000000003,93,6,6.45,3311.98,23204.75
344,180bc120-6b7f-4277-8686-f87b4316ea4a,Condomínio Dias Residence,2022-05,16235.560000000001,14390.61,44,5,11.36,1851.0,12539.61
345,e5d8764c-2923-4cd0-a9e1-06ff1e8017d2,Condomínio da Rosa Residence,2022-05,67730.76,60525.36,141,15,10.64,6161.16,54364.2
346,c851cb04-d3c8-44ac-930d-551f4911402d,Condomínio Costela Residence,2022-05,148110.51,136833.06,197,15,7.61,14268.38,122564.68
347,535c1e8e-3d82-404a-b22b-b9d5c1874d86,Condomínio Pinto Residence,2022-05,46487.399999999994,37964.71,60,11,18.33,2128.27,35836.44
348,f5b6efb9-3b6f-4e81-a81e-a4dc51b854ae,Condomínio Fonseca Residence,2022-05,72967.28,59426.96,97,18,18.56,5859.24,53567.72
349,832ce2c7-a20b-44fb-ba73-4b92a8ce5b43,Condomínio Jesus Residence,2022-06,31445.35,26092.949999999997,47,8,17.02,2056.61,24036.34
350,3bd78b73-2998-4da1-92d6-7f6e1292e015,Condomínio Gomes Residence,2022-06,23541.98,19261.62,77,14,18.18,2455.54,16806.08
351,d772fedd-87f3-4d5e-895f-93b7e30e006d,Condomínio Porto Residence,2022-06,91689.84,80303.51999999999,153,19,12.42,7404.34,72899.18
352,81012d17-3ed7-4097-8336-11a183f1d9e3,Condomínio da Cunha Residence,2022-06,69295.74,60463.93,102,13,12.75,3643.04,56820.89
353,609b30ec-ba65-45c4-8bc0-0b53cca3d28a,Condomínio Vasconcelos Residence,2022-06,64218.56,53897.72,112,18,16.07,4371.93,49525.79
354,a43b9e0e-7715-434a-bb8a-cc306568d2f9,Condomínio Andrade Residence,2022-06,33582.079999999994,28184.96,56,9,16.07,4241.83,23943.13
355,279f6b32-1aef-4b35-806d-6df9ccb3f9ba,Condomínio da Mata Residence,2022-06,28345.47,24992.780000000002,93,11,11.83,3886.22,21106.56
356,180bc120-6b7f-4277-8686-f87b4316ea4a,Condomínio Dias Residence,2022-06,16235.560000000001,13283.64,44,8,18.18,2284.92,10998.72
357,e5d8764c-2923-4cd0-a9e1-06ff1e8017d2,Condomínio da Rosa Residence,2022-06,67730.76,56202.12,141,24,17.02,5451.47,50750.65
358,c851cb04-d3c8-44ac-930d-551f4911402d,Condomínio Costela Residence,2022-06,148110.51,120292.8,197,37,18.78,9820.36,110472.44
359,535c1e8e-3d82-404a-b22b-b9d5c1874d86,Condomínio Pinto Residence,2022-06,46487.399999999994,42613.45,60,5,8.33,3480.67,39132.78
360,f5b6efb9-3b6f-4e81-a81e-a4dc51b854ae,Condomínio Fonseca Residence,2022-06,72967.28,60931.44,97,16,16.49,4410.34,56521.1
361,832ce2c7-a20b-44fb-ba73-4b92a8ce5b43,Condomínio Jesus Residence,2022-07,31445.35,26762.0,47,7,14.89,3749.91,23012.09
362,3bd78b73-2998-4da1-92d6-7f6e1292e015,Condomínio Gomes Residence,2022-07,23541.98,20790.32,77,9,11.69,3941.56,16848.76
363,d772fedd-87f3-4d5e-895f-93b7e30e006d,Condomínio Porto Residence,2022-07,91689.84,79704.23999999999,153,20,13.07,8986.39,70717.85
364,81012d17-3ed7-4097-8336-11a183f1d9e3,Condomínio da Cunha Residence,2022-07,69295.74,61143.3,102,12,11.76,7471.61,53671.69
365,609b30ec-ba65-45c4-8bc0-0b53cca3d28a,Condomínio Vasconcelos Residence,2022-07,64218.56,57338.0,112,12,10.71,8559.99,48778.01
366,a43b9e0e-7715-434a-bb8a-cc306568d2f9,Condomínio Andrade Residence,2022-07,33582.079999999994,29384.319999999996,56,7,12.5,2546.79,26837.53
367,279f6b32-1aef-4b35-806d-6df9ccb3f9ba,Condomínio da Mata Residence,2022-07,28345.47,26211.940000000002,93,7,7.53,4472.12,21739.82
368,180bc120-6b7f-4277-8686-f87b4316ea4a,Condomínio Dias Residence,2022-07,16235.560000000001,14390.61,44,5,11.36,1769.99,12620.62
369,e5d8764c-2923-4cd0-a9e1-06ff1e8017d2,Condomínio da Rosa Residence,2022-07,67730.76,56202.12,141,24,17.02,10688.84,45513.28
370,c851cb04-d3c8-44ac-930d-551f4911402d,Condomínio Costela Residence,2022-07,148110.51,126307.44,197,29,14.72,12194.46,114112.98
371,535c1e8e-3d82-404a-b22b-b9d5c1874d86,Condomínio Pinto Residence,2022-07,46487.399999999994,37189.92,60,12,20.0,3564.07,33625.85
372,f5b6efb9-3b6f-4e81-a81e-a4dc51b854ae,Condomínio Fonseca Residence,2022-07,72967.28,66949.36,97,8,8.25,5803.94,61145.42
373,832ce2c7-a20b-44fb-ba73-4b92a8ce5b43,Condomínio Jesus Residence,2022-08,31445.35,28100.1,47,5,10.64,4017.06,24083.04
374,3bd78b73-2998-4da1-92d6-7f6e1292e015,Condomínio Gomes Residence,2022-08,23541.98,18955.88,77,15,19.48,3577.23,15378.65
375,d772fedd-87f3-4d5e-895f-93b7e30e006d,Condomínio Porto Residence,2022-08,91689.84,85697.04,153,10,6.54,8944.79,76752.25
376,81012d17-3ed7-4097-8336-11a183f1d9e3,Condomínio da Cunha Residence,2022-08,69295.74,63181.41,102,9,8.82,9435.23,53746.18
377,609b30ec-ba65-45c4-8bc0-0b53cca3d28a,Condomínio Vasconcelos Residence,2022-08,64218.56,55617.86,112,15,13.39,6609.1,49008.76
378,a43b9e0e-7715-434a-bb8a-cc306568d2f9,Condomínio Andrade Residence,2022-08,33582.079999999994,29384.319999999996,56,7,12.5,2274.15,27110.17
379,279f6b32-1aef-4b35-806d-6df9ccb3f9ba,Condomínio da Mata Residence,2022-08,28345.47,26516.730000000003,93,6,6.45,4117.21,22399.52
380,180bc120-6b7f-4277-8686-f87b4316ea4a,Condomínio Dias Residence,2022-08,16235.560000000001,14390.61,44,5,11.36,2678.27,11712.34
381,e5d8764c-2923-4cd0-a9e1-06ff1e8017d2,Condomínio da Rosa Residence,2022-08,67730.76,63407.520000000004,141,9,6.38,4940.25,58467.27
382,c851cb04-d3c8-44ac-930d-551f4911402d,Condomínio Costela Residence,2022-08,148110.51,128562.93000000001,197,26,13.2,13312.45,115250.48
383,535c1e8e-3d82-404a-b22b-b9d5c1874d86,Condomínio Pinto Residence,2022-08,46487.399999999994,40289.08,60,8,13.33,6178.97,34110.11
384,f5b6efb9-3b6f-4e81-a81e-a4dc51b854ae,Condomínio Fonseca Residence,2022-08,72967.28,60179.2,97,17,17.53,8106.87,52072.33
385,832ce2c7-a20b-44fb-ba73-4b92a8ce5b43,Condomínio Jesus Residence,2022-09,31445.35,28100.1,47,5,10.64,3926.69,24173.41
386,3bd78b73-2998-4da1-92d6-7f6e1292e015,Condomínio Gomes Residence,2022-09,23541.98,21096.06,77,8,10.39,3046.75,18049.31
387,d772fedd-87f3-4d5e-895f-93b7e30e006d,Condomínio Porto Residence,2022-09,91689.84,78505.68,153,22,14.38,13669.98,64835.7
388,81012d17-3ed7-4097-8336-11a183f1d9e3,Condomínio da Cunha Residence,2022-09,69295.74,59105.19,102,15,14.71,5006.53,54098.66
389,609b30ec-ba65-45c4-8bc0-0b53cca3d28a,Condomínio Vasconcelos Residence,2022-09,64218.56,53324.34,112,19,16.96,5355.4,47968.94
390,a43b9e0e-7715-434a-bb8a-cc306568d2f9,Condomínio Andrade Residence,2022-09,33582.079999999994,29983.999999999996,56,6,10.71,2542.52,27441.48
391,279f6b32-1aef-4b35-806d-6df9ccb3f9ba,Condomínio da Mata Residence,2022-09,28345.47,26516.730000000003,93,6,6.45,3320.65,23196.08
392,180bc120-6b7f-4277-8686-f87b4316ea4a,Condomínio Dias Residence,2022-09,16235.560000000001,14390.61,44,5,11.36,1842.14,12548.47
393,e5d8764c-2923-4cd0-a9e1-06ff1e8017d2,Condomínio da Rosa Residence,2022-09,67730.76,61486.08,141,13,9.22,4634.83,56851.25
394,c851cb04-d3c8-44ac-930d-551f4911402d,Condomínio Costela Residence,2022-09,148110.51,130066.59000000001,197,24,12.18,6218.66,123847.93
395,535c1e8e-3d82-404a-b22b-b9d5c1874d86,Condomínio Pinto Residence,2022-09,46487.399999999994,44163.03,60,3,5.0,4486.07,39676.96
396,f5b6efb9-3b6f-4e81-a81e-a4dc51b854ae,Condomínio Fonseca Residence,2022-09,72967.28,64692.64,97,11,11.34,10351.08,54341.56
397,832ce2c7-a20b-44fb-ba73-4b92a8ce5b43,Condomínio Jesus Residence,2022-10,31445.35,26762.0,47,7,14.89,2172.81,24589.19
398,3bd78b73-2998-4da1-92d6-7f6e1292e015,Condomínio Gomes Residence,2022-10,23541.98,20484.58,77,10,12.99,3371.82,17112.76
399,d772fedd-87f3-4d5e-895f-93b7e30e006d,Condomínio Porto Residence,2022-10,91689.84,78505.68,153,22,14.38,6886.91,71618.77
400,81012d17-3ed7-4097-8336-11a183f1d9e3,Condomínio da Cunha Residence,2022-10,69295.74,65898.89,102,5,4.9,6851.08,59047.81
401,609b30ec-ba65-45c4-8bc0-0b53cca3d28a,Condomínio Vasconcelos Residence,2022-10,64218.56,53897.72,112,18,16.07,8933.6,44964.12
402,a43b9e0e-7715-434a-bb8a-cc306568d2f9,Condomínio Andrade Residence,2022-10,33582.079999999994,30583.679999999997,56,5,8.93,2873.59,27710.09
403,279f6b32-1aef-4b35-806d-6df9ccb3f9ba,Condomínio da Mata Residence,2022-10,28345.47,24687.99,93,12,12.9,5165.09,19522.9
404,180bc120-6b7f-4277-8686-f87b4316ea4a,Condomínio Dias Residence,2022-10,16235.560000000001,14759.6,44,4,9.09,3003.07,11756.53
405,e5d8764c-2923-4cd0-a9e1-06ff1e8017d2,Condomínio da Rosa Residence,2022-10,67730.76,56682.48,141,23,16.31,8862.7,47819.78
406,c851cb04-d3c8-44ac-930d-551f4911402d,Condomínio Costela Residence,2022-10,148110.51,136081.23,197,16,8.12,17126.95,118954.28
407,535c1e8e-3d82-404a-b22b-b9d5c1874d86,Condomínio Pinto Residence,2022-10,46487.399999999994,42613.45,60,5,8.33,6341.33,36272.12
408,f5b6efb9-3b6f-4e81-a81e-a4dc51b854ae,Condomínio Fonseca Residence,2022-10,72967.28,68453.84,97,6,6.19,5090.8,63363.04
409,832ce2c7-a20b-44fb-ba73-4b92a8ce5b43,Condomínio Jesus Residence,2022-11,31445.35,30107.249999999996,47,2,4.26,2070.81,28036.44
410,3bd78b73-2998-4da1-92d6-7f6e1292e015,Condomínio Gomes Residence,2022-11,23541.98,20484.58,77,10,12.99,2951.03,17533.55
411,d772fedd-87f3-4d5e-895f-93b7e30e006d,Condomínio Porto Residence,2022-11,91689.84,77307.12,153,24,15.69,8911.11,68396.01
412,81012d17-3ed7-4097-8336-11a183f1d9e3,Condomínio da Cunha Residence,2022-11,69295.74,55708.340000000004,102,20,19.61,6532.27,49176.07
413,609b30ec-ba65-45c4-8bc0-0b53cca3d28a,Condomínio Vasconcelos Residence,2022-11,64218.56,58484.76,112,10,8.93,6010.76,52474.0
414,a43b9e0e-7715-434a-bb8a-cc306568d2f9,Condomínio Andrade Residence,2022-11,33582.079999999994,30583.679999999997,56,5,8.93,3937.08,26646.6
415,279f6b32-1aef-4b35-806d-6df9ccb3f9ba,Condomínio da Mata Residence,2022-11,28345.47,24383.2,93,13,13.98,3593.91,20789.29
416,180bc120-6b7f-4277-8686-f87b4316ea4a,Condomínio Dias Residence,2022-11,16235.560000000001,14390.61,44,5,11.36,2515.12,11875.49
417,e5d8764c-2923-4cd0-a9e1-06ff1e8017d2,Condomínio da Rosa Residence,2022-11,67730.76,54280.68,141,28,19.86,10274.02,44006.66
418,c851cb04-d3c8-44ac-930d-551f4911402d,Condomínio Costela Residence,2022-11,148110.51,118789.14,197,39,19.8,20505.22,98283.92
419,535c1e8e-3d82-404a-b22b-b9d5c1874d86,Condomínio Pinto Residence,2022-11,46487.399999999994,38739.5,60,10,16.67,3438.51,35300.99
420,f5b6efb9-3b6f-4e81-a81e-a4dc51b854ae,Condomínio Fonseca Residence,2022-11,72967.28,63940.4,97,12,12.37,8427.52,55512.88
421,832ce2c7-a20b-44fb-ba73-4b92a8ce5b43,Condomínio Jesus Residence,2022-12,31445.35,26762.0,47,7,14.89,4389.94,22372.06
422,3bd78b73-2998-4da1-92d6-7f6e1292e015,Condomínio Gomes Residence,2022-12,23541.98,18955.88,77,15,19.48,3871.55,15084.33
423,d772fedd-87f3-4d5e-895f-93b7e30e006d,Condomínio Porto Residence,2022-12,91689.84,83299.92,153,14,9.15,11490.45,71809.47
424,81012d17-3ed7-4097-8336-11a183f1d9e3,Condomínio da Cunha Residence,2022-12,69295.74,59784.56,102,14,13.73,5808.96,53975.6
425,609b30ec-ba65-45c4-8bc0-0b53cca3d28a,Condomínio Vasconcelos Residence,2022-12,64218.56,59631.52,112,8,7.14,8383.6,51247.92
426,a43b9e0e-7715-434a-bb8a-cc306568d2f9,Condomínio Andrade Residence,2022-12,33582.079999999994,31183.359999999997,56,4,7.14,2987.64,28195.72
427,279f6b32-1aef-4b35-806d-6df9ccb3f9ba,Condomínio da Mata Residence,2022-12,28345.47,25297.570000000003,93,10,10.75,5363.27,19934.3
428,180bc120-6b7f-4277-8686-f87b4316ea4a,Condomínio Dias Residence,2022-12,16235.560000000001,13652.630000000001,44,7,15.91,1445.36,12207.27
429,e5d8764c-2923-4cd0-a9e1-06ff1e8017d2,Condomínio da Rosa Residence,2022-12,67730.76,61486.08,141,13,9.22,7259.02,54227.06
430,c851cb04-d3c8-44ac-930d-551f4911402d,Condomínio Costela Residence,2022-12,148110.51,126307.44,197,29,14.72,7459.09,118848.35
431,535c1e8e-3d82-404a-b22b-b9d5c1874d86,Condomínio Pinto Residence,2022-12,46487.399999999994,40289.08,60,8,13.33,6521.62,33767.46
432,f5b6efb9-3b6f-4e81-a81e-a4dc51b854ae,Condomínio Fonseca Residence,2022-12,72967.28,63940.4,97,12,12.37,4084.95,59855.45
433,832ce2c7-a20b-44fb-ba73-4b92a8ce5b43,Condomínio Jesus Residence,2023-01,31445.35,26092.949999999997,47,8,17.02,3978.04,22114.91
434,3bd78b73-2998-4da1-92d6-7f6e1292e015,Condomínio Gomes Residence,2023-01,23541.98,19261.62,77,14,18.18,2897.91,16363.71
435,d772fedd-87f3-4d5e-895f-93b7e30e006d,Condomínio Porto Residence,2023-01,91689.84,81502.08,153,17,11.11,7984.22,73517.86
436,81012d17-3ed7-4097-8336-11a183f1d9e3,Condomínio da Cunha Residence,2023-01,69295.74,64540.15,102,7,6.86,7749.3,56790.85
437,609b30ec-ba65-45c4-8bc0-0b53cca3d28a,Condomínio Vasconcelos Residence,2023-01,64218.56,59631.52,112,8,7.14,8405.06,51226.46
438,a43b9e0e-7715-434a-bb8a-cc306568d2f9,Condomínio Andrade Residence,2023-01,33582.079999999994,29983.999999999996,56,6,10.71,4327.26,25656.74
439,279f6b32-1aef-4b35-806d-6df9ccb3f9ba,Condomínio da Mata Residence,2023-01,28345.47,23773.620000000003,93,15,16.13,4739.82,19033.8
440,180bc120-6b7f-4277-8686-f87b4316ea4a,Condomínio Dias Residence,2023-01,16235.560000000001,12914.65,44,9,20.45,2442.11,10472.54
441,e5d8764c-2923-4cd0-a9e1-06ff1e8017d2,Condomínio da Rosa Residence,2023-01,67730.76,62446.8,141,11,7.8,7912.41,54534.39
442,c851cb04-d3c8-44ac-930d-551f4911402d,Condomínio Costela Residence,2023-01,148110.51,139088.55000000002,197,12,6.09,12077.45,127011.1
443,535c1e8e-3d82-404a-b22b-b9d5c1874d86,Condomínio Pinto Residence,2023-01,46487.399999999994,43388.24,60,4,6.67,5863.91,37524.33
444,f5b6efb9-3b6f-4e81-a81e-a4dc51b854ae,Condomínio Fonseca Residence,2023-01,72967.28,66949.36,97,8,8.25,9693.78,57255.58
445,832ce2c7-a20b-44fb-ba73-4b92a8ce5b43,Condomínio Jesus Residence,2023-02,31445.35,25423.899999999998,47,9,19.15,3650.89,21773.01
446,3bd78b73-2998-4da1-92d6-7f6e1292e015,Condomínio Gomes Residence,2023-02,23541.98,21707.54,77,6,7.79,4017.17,17690.37
447,d772fedd-87f3-4d5e-895f-93b7e30e006d,Condomínio Porto Residence,2023-02,91689.84,83299.92,153,14,9.15,9301.68,73998.24
448,81012d17-3ed7-4097-8336-11a183f1d9e3,Condomínio da Cunha Residence,2023-02,69295.74,61143.3,102,12,11.76,6436.18,54707.12
449,609b30ec-ba65-45c4-8bc0-0b53cca3d28a,Condomínio Vasconcelos Residence,2023-02,64218.56,53324.34,112,19,16.96,9328.03,43996.31
450,a43b9e0e-7715-434a-bb8a-cc306568d2f9,Condomínio Andrade Residence,2023-02,33582.079999999994,29384.319999999996,56,7,12.5,4814.43,24569.89
451,279f6b32-1aef-4b35-806d-6df9ccb3f9ba,Condomínio da Mata Residence,2023-02,28345.47,23164.04,93,17,18.28,4119.99,19044.05
452,180bc120-6b7f-4277-8686-f87b4316ea4a,Condomínio Dias Residence,2023-02,16235.560000000001,13283.64,44,8,18.18,2337.06,10946.58
453,e5d8764c-2923-4cd0-a9e1-06ff1e8017d2,Condomínio da Rosa Residence,2023-02,67730.76,59564.64,141,17,12.06,10760.38,48804.26
454,c851cb04-d3c8-44ac-930d-551f4911402d,Condomínio Costela Residence,2023-02,148110.51,121044.63,197,36,18.27,20105.16,100939.47
455,535c1e8e-3d82-404a-b22b-b9d5c1874d86,Condomínio Pinto Residence,2023-02,46487.399999999994,37964.71,60,11,18.33,4036.66,33928.05
456,f5b6efb9-3b6f-4e81-a81e-a4dc51b854ae,Condomínio Fonseca Residence,2023-02,72967.28,68453.84,97,6,6.19,5547.08,62906.76
457,832ce2c7-a20b-44fb-ba73-4b92a8ce5b43,Condomínio Jesus Residence,2023-03,31445.35,25423.899999999998,47,9,19.15,2739.38,22684.52
458,3bd78b73-2998-4da1-92d6-7f6e1292e015,Condomínio Gomes Residence,2023-03,23541.98,20484.58,77,10,12.99,3956.44,16528.14
459,d772fedd-87f3-4d5e-895f-93b7e30e006d,Condomínio Porto Residence,2023-03,91689.84,82101.36,153,16,10.46,6453.19,75648.17
460,81012d17-3ed7-4097-8336-11a183f1d9e3,Condomínio da Cunha Residence,2023-03,69295.74,63860.78,102,8,7.84,7580.0,56280.78
461,609b30ec-ba65-45c4-8bc0-0b53cca3d28a,Condomínio Vasconcelos Residence,2023-03,64218.56,54471.1,112,17,15.18,5317.7,49153.4
462,a43b9e0e-7715-434a-bb8a-cc306568d2f9,Condomínio Andrade Residence,2023-03,33582.079999999994,29983.999999999996,56,6,10.71,3719.31,26264.69
463,279f6b32-1aef-4b35-806d-6df9ccb3f9ba,Condomínio da Mata Residence,2023-03,28345.47,25602.36,93,9,9.68,3349.15,22253.21
464,180bc120-6b7f-4277-8686-f87b4316ea4a,Condomínio Dias Residence,2023-03,16235.560000000001,13283.64,44,8,18.18,1640.24,11643.4
465,e5d8764c-2923-4cd0-a9e1-06ff1e8017d2,Condomínio da Rosa Residence,2023-03,67730.76,57643.200000000004,141,21,14.89,5825.52,51817.68
466,c851cb04-d3c8-44ac-930d-551f4911402d,Condomínio Costela Residence,2023-03,148110.51,124803.78000000001,197,31,15.74,17342.77,107461.01
467,535c1e8e-3d82-404a-b22b-b9d5c1874d86,Condomínio Pinto Residence,2023-03,46487.399999999994,41063.869999999995,60,7,11.67,4449.77,36614.1
468,f5b6efb9-3b6f-4e81-a81e-a4dc51b854ae,Condomínio Fonseca Residence,2023-03,72967.28,64692.64,97,11,11.34,8882.64,55810.0
469,832ce2c7-a20b-44fb-ba73-4b92a8ce5b43,Condomínio Jesus Residence,2023-04,31445.35,28769.149999999998,47,4,8.51,2837.44,25931.71
470,3bd78b73-2998-4da1-92d6-7f6e1292e015,Condomínio Gomes Residence,2023-04,23541.98,22013.28,77,5,6.49,4310.04,17703.24
471,d772fedd-87f3-4d5e-895f-93b7e30e006d,Condomínio Porto Residence,2023-04,91689.84,76108.56,153,26,16.99,11681.46,64427.1
472,81012d17-3ed7-4097-8336-11a183f1d9e3,Condomínio da Cunha Residence,2023-04,69295.74,55708.340000000004,102,20,19.61,3718.51,51989.83
473,609b30ec-ba65-45c4-8bc0-0b53cca3d28a,Condomínio Vasconcelos Residence,2023-04,64218.56,58484.76,112,10,8.93,9472.12,49012.64
474,a43b9e0e-7715-434a-bb8a-cc306568d2f9,Condomínio Andrade Residence,2023-04,33582.079999999994,27585.28,56,10,17.86,4108.04,23477.24
475,279f6b32-1aef-4b35-806d-6df9ccb3f9ba,Condomínio da Mata Residence,2023-04,28345.47,23773.620000000003,93,15,16.13,5245.83,18527.79
476,180bc120-6b7f-4277-8686-f87b4316ea4a,Condomínio Dias Residence,2023-04,16235.560000000001,15128.59,44,3,6.82,2745.93,12382.66
477,e5d8764c-2923-4cd0-a9e1-06ff1e8017d2,Condomínio da Rosa Residence,2023-04,67730.76,59564.64,141,17,12.06,6653.15,52911.49
478,c851cb04-d3c8-44ac-930d-551f4911402d,Condomínio Costela Residence,2023-04,148110.51,139088.55000000002,197,12,6.09,16038.21,123050.34
479,535c1e8e-3d82-404a-b22b-b9d5c1874d86,Condomínio Pinto Residence,2023-04,46487.399999999994,37964.71,60,11,18.33,3100.42,34864.29
480,f5b6efb9-3b6f-4e81-a81e-a4dc51b854ae,Condomínio Fonseca Residence,2023-04,72967.28,58674.72,97,19,19.59,4675.07,53999.65
481,832ce2c7-a20b-44fb-ba73-4b92a8ce5b43,Condomínio Jesus Residence,2023-05,31445.35,26092.949999999997,47,8,17.02,3902.0,22190.95
482,3bd78b73-2998-4da1-92d6-7f6e1292e015,Condomínio Gomes Residence,2023-05,23541.98,20178.84,77,11,14.29,4391.94,15786.9
483,d772fedd-87f3-4d5e-895f-93b7e30e006d,Condomínio Porto Residence,2023-05,91689.84,83299.92,153,14,9.15,12934.45,70365.47
484,81012d17-3ed7-4097-8336-11a183f1d9e3,Condomínio da Cunha Residence,2023-05,69295.74,63181.41,102,9,8.82,4287.58,58893.83
485,609b30ec-ba65-45c4-8bc0-0b53cca3d28a,Condomínio Vasconcelos Residence,2023-05,64218.56,56764.62,112,13,11.61,8362.15,48402.47
486,a43b9e0e-7715-434a-bb8a-cc306568d2f9,Condomínio Andrade Residence,2023-05,33582.079999999994,29384.319999999996,56,7,12.5,3541.96,25842.36
487,279f6b32-1aef-4b35-806d-6df9ccb3f9ba,Condomínio da Mata Residence,2023-05,28345.47,24992.780000000002,93,11,11.83,3723.1,21269.68
488,180bc120-6b7f-4277-8686-f87b4316ea4a,Condomínio Dias Residence,2023-05,16235.560000000001,13283.64,44,8,18.18,1906.28,11377.36
489,e5d8764c-2923-4cd0-a9e1-06ff1e8017d2,Condomínio da Rosa Residence,2023-05,67730.76,54280.68,141,28,19.86,7367.62,46913.06
490,c851cb04-d3c8-44ac-930d-551f4911402d,Condomínio Costela Residence,2023-05,148110.51,140592.21000000002,197,10,5.08,9277.29,131314.92
491,535c1e8e-3d82-404a-b22b-b9d5c1874d86,Condomínio Pinto Residence,2023-05,46487.399999999994,43388.24,60,4,6.67,3030.29,40357.95
492,f5b6efb9-3b6f-4e81-a81e-a4dc51b854ae,Condomínio Fonseca Residence,2023-05,72967.28,58674.72,97,19,19.59,10087.28,48587.44
493,832ce2c7-a20b-44fb-ba73-4b92a8ce5b43,Condomínio Jesus Residence,2023-06,31445.35,27431.05,47,6,12.77,3342.14,24088.91
494,3bd78b73-2998-4da1-92d6-7f6e1292e015,Condomínio Gomes Residence,2023-06,23541.98,20484.58,77,10,12.99,3829.84,16654.74
495,d772fedd-87f3-4d5e-895f-93b7e30e006d,Condomínio Porto Residence,2023-06,91689.84,79704.23999999999,153,20,13.07,11387.26,68316.98
496,81012d17-3ed7-4097-8336-11a183f1d9e3,Condomínio da Cunha Residence,2023-06,69295.74,63181.41,102,9,8.82,9214.81,53966.6
497,609b30ec-ba65-45c4-8bc0-0b53cca3d28a,Condomínio Vasconcelos Residence,2023-06,64218.56,59631.52,112,8,7.14,9570.19,50061.33
498,a43b9e0e-7715-434a-bb8a-cc306568d2f9,Condomínio Andrade Residence,2023-06,33582.079999999994,30583.679999999997,56,5,8.93,5094.2,25489.48
499,279f6b32-1aef-4b35-806d-6df9ccb3f9ba,Condomínio da Mata Residence,2023-06,28345.47,24992.780000000002,93,11,11.83,4652.17,20340.61
500,180bc120-6b7f-4277-8686-f87b4316ea4a,Condomínio Dias Residence,2023-06,16235.560000000001,13652.630000000001,44,7,15.91,2390.8,11261.83
501,e5d8764c-2923-4cd0-a9e1-06ff1e8017d2,Condomínio da Rosa Residence,2023-06,67730.76,57162.840000000004,141,22,15.6,9624.57,47538.27
502,c851cb04-d3c8-44ac-930d-551f4911402d,Condomínio Costela Residence,2023-06,148110.51,124803.78000000001,197,31,15.74,13622.79,111180.99
503,535c1e8e-3d82-404a-b22b-b9d5c1874d86,Condomínio Pinto Residence,2023-06,46487.399999999994,39514.29,60,9,15.0,4297.13,35217.16
504,f5b6efb9-3b6f-4e81-a81e-a4dc51b854ae,Condomínio Fonseca Residence,2023-06,72967.28,68453.84,97,6,6.19,10064.33,58389.51
505,832ce2c7-a20b-44fb-ba73-4b92a8ce5b43,Condomínio Jesus Residence,2023-07,31445.35,27431.05,47,6,12.77,1721.28,25709.77
506,3bd78b73-2998-4da1-92d6-7f6e1292e015,Condomínio Gomes Residence,2023-07,23541.98,21096.06,77,8,10.39,2462.16,18633.9
507,d772fedd-87f3-4d5e-895f-93b7e30e006d,Condomínio Porto Residence,2023-07,91689.84,83899.2,153,13,8.5,7909.46,75989.74
508,81012d17-3ed7-4097-8336-11a183f1d9e3,Condomínio da Cunha Residence,2023-07,69295.74,59105.19,102,15,14.71,8783.08,50322.11
509,609b30ec-ba65-45c4-8bc0-0b53cca3d28a,Condomínio Vasconcelos Residence,2023-07,64218.56,52177.58,112,21,18.75,5503.27,46674.31
510,a43b9e0e-7715-434a-bb8a-cc306568d2f9,Condomínio Andrade Residence,2023-07,33582.079999999994,31783.039999999997,56,3,5.36,4656.46,27126.58
511,279f6b32-1aef-4b35-806d-6df9ccb3f9ba,Condomínio da Mata Residence,2023-07,28345.47,24078.41,93,14,15.05,4746.38,19332.03
512,180bc120-6b7f-4277-8686-f87b4316ea4a,Condomínio Dias Residence,2023-07,16235.560000000001,14759.6,44,4,9.09,2172.52,12587.08
513,e5d8764c-2923-4cd0-a9e1-06ff1e8017d2,Condomínio da Rosa Residence,2023-07,67730.76,55241.4,141,26,18.44,7413.79,47827.61
514,c851cb04-d3c8-44ac-930d-551f4911402d,Condomínio Costela Residence,2023-07,148110.51,119540.97,197,38,19.29,11521.85,108019.12
515,535c1e8e-3d82-404a-b22b-b9d5c1874d86,Condomínio Pinto Residence,2023-07,46487.399999999994,37964.71,60,11,18.33,5040.52,32924.19
516,f5b6efb9-3b6f-4e81-a81e-a4dc51b854ae,Condomínio Fonseca Residence,2023-07,72967.28,63940.4,97,12,12.37,3948.43,59991.97
517,832ce2c7-a20b-44fb-ba73-4b92a8ce5b43,Condomínio Jesus Residence,2023-08,31445.35,27431.05,47,6,12.77,3093.55,24337.5
518,3bd78b73-2998-4da1-92d6-7f6e1292e015,Condomínio Gomes Residence,2023-08,23541.98,18955.88,77,15,19.48,2584.93,16370.95
519,d772fedd-87f3-4d5e-895f-93b7e30e006d,Condomínio Porto Residence,2023-08,91689.84,86895.59999999999,153,8,5.23,10366.3,76529.3
520,81012d17-3ed7-4097-8336-11a183f1d9e3,Condomínio da Cunha Residence,2023-08,69295.74,63181.41,102,9,8.82,6795.48,56385.93
521,609b30ec-ba65-45c4-8bc0-0b53cca3d28a,Condomínio Vasconcelos Residence,2023-08,64218.56,56764.62,112,13,11.61,5467.08,51297.54
522,a43b9e0e-7715-434a-bb8a-cc306568d2f9,Condomínio Andrade Residence,2023-08,33582.079999999994,29983.999999999996,56,6,10.71,4100.28,25883.72
523,279f6b32-1aef-4b35-806d-6df9ccb3f9ba,Condomínio da Mata Residence,2023-08,28345.47,24687.99,93,12,12.9,4124.74,20563.25
524,180bc120-6b7f-4277-8686-f87b4316ea4a,Condomínio Dias Residence,2023-08,16235.560000000001,15128.59,44,3,6.82,2172.99,12955.6
525,e5d8764c-2923-4cd0-a9e1-06ff1e8017d2,Condomínio da Rosa Residence,2023-08,67730.76,55241.4,141,26,18.44,11061.63,44179.77
526,c851cb04-d3c8-44ac-930d-551f4911402d,Condomínio Costela Residence,2023-08,148110.51,131570.25,197,22,11.17,10119.27,121450.98
527,535c1e8e-3d82-404a-b22b-b9d5c1874d86,Condomínio Pinto Residence,2023-08,46487.399999999994,37964.71,60,11,18.33,2959.73,35004.98
528,f5b6efb9-3b6f-4e81-a81e-a4dc51b854ae,Condomínio Fonseca Residence,2023-08,72967.28,61683.68,97,15,15.46,4762.37,56921.31
529,832ce2c7-a20b-44fb-ba73-4b92a8ce5b43,Condomínio Jesus Residence,2023-09,31445.35,28769.149999999998,47,4,8.51,4621.88,24147.27
530,3bd78b73-2998-4da1-92d6-7f6e1292e015,Condomínio Gomes Residence,2023-09,23541.98,21707.54,77,6,7.79,4281.7,17425.84
531,d772fedd-87f3-4d5e-895f-93b7e30e006d,Condomínio Porto Residence,2023-09,91689.84,74910.0,153,28,18.3,10760.66,64149.34
532,81012d17-3ed7-4097-8336-11a183f1d9e3,Condomínio da Cunha Residence,2023-09,69295.74,57746.45,102,17,16.67,3336.38,54410.07
533,609b30ec-ba65-45c4-8bc0-0b53cca3d28a,Condomínio Vasconcelos Residence,2023-09,64218.56,54471.1,112,17,15.18,4499.81,49971.29
534,a43b9e0e-7715-434a-bb8a-cc306568d2f9,Condomínio Andrade Residence,2023-09,33582.079999999994,27585.28,56,10,17.86,2671.56,24913.72
535,279f6b32-1aef-4b35-806d-6df9ccb3f9ba,Condomínio da Mata Residence,2023-09,28345.47,22859.25,93,18,19.35,4530.98,18328.27
536,180bc120-6b7f-4277-8686-f87b4316ea4a,Condomínio Dias Residence,2023-09,16235.560000000001,15128.59,44,3,6.82,1672.16,13456.43
537,e5d8764c-2923-4cd0-a9e1-06ff1e8017d2,Condomínio da Rosa Residence,2023-09,67730.76,54761.04,141,27,19.15,5990.59,48770.45
538,c851cb04-d3c8-44ac-930d-551f4911402d,Condomínio Costela Residence,2023-09,148110.51,133073.91,197,20,10.15,8018.97,125054.94
539,535c1e8e-3d82-404a-b22b-b9d5c1874d86,Condomínio Pinto Residence,2023-09,46487.399999999994,39514.29,60,9,15.0,4156.65,35357.64
540,f5b6efb9-3b6f-4e81-a81e-a4dc51b854ae,Condomínio Fonseca Residence,2023-09,72967.28,66197.12,97,9,9.28,4987.25,61209.87
541,832ce2c7-a20b-44fb-ba73-4b92a8ce5b43,Condomínio Jesus Residence,2023-10,31445.35,26092.949999999997,47,8,17.02,2781.91,23311.04
542,3bd78b73-2998-4da1-92d6-7f6e1292e015,Condomínio Gomes Residence,2023-10,23541.98,22013.28,77,5,6.49,4226.1,17787.18
543,d772fedd-87f3-4d5e-895f-93b7e30e006d,Condomínio Porto Residence,2023-10,91689.84,74910.0,153,28,18.3,5269.7,69640.3
544,81012d17-3ed7-4097-8336-11a183f1d9e3,Condomínio da Cunha Residence,2023-10,69295.74,65219.520000000004,102,6,5.88,5596.2,59623.32
545,609b30ec-ba65-45c4-8bc0-0b53cca3d28a,Condomínio Vasconcelos Residence,2023-10,64218.56,56191.24,112,14,12.5,7309.68,48881.56
546,a43b9e0e-7715-434a-bb8a-cc306568d2f9,Condomínio Andrade Residence,2023-10,33582.079999999994,29983.999999999996,56,6,10.71,2466.08,27517.92
547,279f6b32-1aef-4b35-806d-6df9ccb3f9ba,Condomínio da Mata Residence,2023-10,28345.47,25602.36,93,9,9.68,5356.79,20245.57
548,180bc120-6b7f-4277-8686-f87b4316ea4a,Condomínio Dias Residence,2023-10,16235.560000000001,15128.59,44,3,6.82,2909.58,12219.01
549,e5d8764c-2923-4cd0-a9e1-06ff1e8017d2,Condomínio da Rosa Residence,2023-10,67730.76,61966.44,141,12,8.51,4776.25,57190.19
550,c851cb04-d3c8-44ac-930d-551f4911402d,Condomínio Costela Residence,2023-10,148110.51,121796.46,197,35,17.77,13867.42,107929.04
551,535c1e8e-3d82-404a-b22b-b9d5c1874d86,Condomínio Pinto Residence,2023-10,46487.399999999994,42613.45,60,5,8.33,4227.0,38386.45
552,f5b6efb9-3b6f-4e81-a81e-a4dc51b854ae,Condomínio Fonseca Residence,2023-10,72967.28,66949.36,97,8,8.25,5750.5,61198.86
553,832ce2c7-a20b-44fb-ba73-4b92a8ce5b43,Condomínio Jesus Residence,2023-11,31445.35,26762.0,47,7,14.89,3584.81,23177.19
554,3bd78b73-2998-4da1-92d6-7f6e1292e015,Condomínio Gomes Residence,2023-11,23541.98,19567.36,77,13,16.88,2758.46,16808.9
555,d772fedd-87f3-4d5e-895f-93b7e30e006d,Condomínio Porto Residence,2023-11,91689.84,77906.4,153,23,15.03,9449.24,68457.16
556,81012d17-3ed7-4097-8336-11a183f1d9e3,Condomínio da Cunha Residence,2023-11,69295.74,63860.78,102,8,7.84,8847.34,55013.44
557,609b30ec-ba65-45c4-8bc0-0b53cca3d28a,Condomínio Vasconcelos Residence,2023-11,64218.56,53897.72,112,18,16.07,8295.69,45602.03
558,a43b9e0e-7715-434a-bb8a-cc306568d2f9,Condomínio Andrade Residence,2023-11,33582.079999999994,29983.999999999996,56,6,10.71,3170.72,26813.28
559,279f6b32-1aef-4b35-806d-6df9ccb3f9ba,Condomínio da Mata Residence,2023-11,28345.47,26821.52,93,5,5.38,5183.27,21638.25
560,180bc120-6b7f-4277-8686-f87b4316ea4a,Condomínio Dias Residence,2023-11,16235.560000000001,13283.64,44,8,18.18,1933.16,11350.48
561,e5d8764c-2923-4cd0-a9e1-06ff1e8017d2,Condomínio da Rosa Residence,2023-11,67730.76,57162.840000000004,141,22,15.6,9899.77,47263.07
562,c851cb04-d3c8-44ac-930d-551f4911402d,Condomínio Costela Residence,2023-11,148110.51,126307.44,197,29,14.72,12586.49,113720.95
563,535c1e8e-3d82-404a-b22b-b9d5c1874d86,Condomínio Pinto Residence,2023-11,46487.399999999994,37964.71,60,11,18.33,3121.2,34843.51
564,f5b6efb9-3b6f-4e81-a81e-a4dc51b854ae,Condomínio Fonseca Residence,2023-11,72967.28,66197.12,97,9,9.28,6759.73,59437.39
565,832ce2c7-a20b-44fb-ba73-4b92a8ce5b43,Condomínio Jesus Residence,2023-12,31445.35,28769.149999999998,47,4,8.51,2884.45,25884.7
566,3bd78b73-2998-4da1-92d6-7f6e1292e015,Condomínio Gomes Residence,2023-12,23541.98,20484.58,77,10,12.99,4370.41,16114.17
567,d772fedd-87f3-4d5e-895f-93b7e30e006d,Condomínio Porto Residence,2023-12,91689.84,73711.44,153,30,19.61,10655.02,63056.42
568,81012d17-3ed7-4097-8336-11a183f1d9e3,Condomínio da Cunha Residence,2023-12,69295.74,60463.93,102,13,12.75,4856.57,55607.36
569,609b30ec-ba65-45c4-8bc0-0b53cca3d28a,Condomínio Vasconcelos Residence,2023-12,64218.56,59631.52,112,8,7.14,4896.21,54735.31
570,a43b9e0e-7715-434a-bb8a-cc306568d2f9,Condomínio Andrade Residence,2023-12,33582.079999999994,31183.359999999997,56,4,7.14,1816.04,29367.32
571,279f6b32-1aef-4b35-806d-6df9ccb3f9ba,Condomínio da Mata Residence,2023-12,28345.47,25602.36,93,9,9.68,4040.28,21562.08
572,180bc120-6b7f-4277-8686-f87b4316ea4a,Condomínio Dias Residence,2023-12,16235.560000000001,13652.630000000001,44,7,15.91,1727.76,11924.87
573,e5d8764c-2923-4cd0-a9e1-06ff1e8017d2,Condomínio da Rosa Residence,2023-12,67730.76,61486.08,141,13,9.22,10437.06,51049.02
574,c851cb04-d3c8-44ac-930d-551f4911402d,Condomínio Costela Residence,2023-12,148110.51,121796.46,197,35,17.77,19660.0,102136.46
575,535c1e8e-3d82-404a-b22b-b9d5c1874d86,Condomínio Pinto Residence,2023-12,46487.399999999994,37964.71,60,11,18.33,4726.67,33238.04
576,f5b6efb9-3b6f-4e81-a81e-a4dc51b854ae,Condomínio Fonseca Residence,2023-12,72967.28,61683.68,97,15,15.46,9155.95,52527.73
577,832ce2c7-a20b-44fb-ba73-4b92a8ce5b43,Condomínio Jesus Residence,2024-01,31445.35,29438.199999999997,47,3,6.38,2218.83,27219.37
578,3bd78b73-2998-4da1-92d6-7f6e1292e015,Condomínio Gomes Residence,2024-01,23541.98,19873.100000000002,77,12,15.58,4610.02,15263.08
579,d772fedd-87f3-4d5e-895f-93b7e30e006d,Condomínio Porto Residence,2024-01,91689.84,77307.12,153,24,15.69,13454.43,63852.69
580,81012d17-3ed7-4097-8336-11a183f1d9e3,Condomínio da Cunha Residence,2024-01,69295.74,64540.15,102,7,6.86,4947.62,59592.53
581,609b30ec-ba65-45c4-8bc0-0b53cca3d28a,Condomínio Vasconcelos Residence,2024-01,64218.56,59631.52,112,8,7.14,5853.4,53778.12
582,a43b9e0e-7715-434a-bb8a-cc306568d2f9,Condomínio Andrade Residence,2024-01,33582.079999999994,30583.679999999997,56,5,8.93,3339.21,27244.47
583,279f6b32-1aef-4b35-806d-6df9ccb3f9ba,Condomínio da Mata Residence,2024-01,28345.47,25602.36,93,9,9.68,4132.03,21470.33
584,180bc120-6b7f-4277-8686-f87b4316ea4a,Condomínio Dias Residence,2024-01,16235.560000000001,13283.64,44,8,18.18,2781.85,10501.79
585,e5d8764c-2923-4cd0-a9e1-06ff1e8017d2,Condomínio da Rosa Residence,2024-01,67730.76,61005.72,141,14,9.93,7293.1,53712.62
586,c851cb04-d3c8-44ac-930d-551f4911402d,Condomínio Costela Residence,2024-01,148110.51,129314.76000000001,197,25,12.69,14000.66,115314.1
587,535c1e8e-3d82-404a-b22b-b9d5c1874d86,Condomínio Pinto Residence,2024-01,46487.399999999994,41838.659999999996,60,6,10.0,5990.43,35848.23
588,f5b6efb9-3b6f-4e81-a81e-a4dc51b854ae,Condomínio Fonseca Residence,2024-01,72967.28,63188.16,97,13,13.4,8589.8,54598.36
589,832ce2c7-a20b-44fb-ba73-4b92a8ce5b43,Condomínio Jesus Residence,2024-02,31445.35,28100.1,47,5,10.64,3193.67,24906.43
590,3bd78b73-2998-4da1-92d6-7f6e1292e015,Condomínio Gomes Residence,2024-02,23541.98,19261.62,77,14,18.18,3436.86,15824.76
591,d772fedd-87f3-4d5e-895f-93b7e30e006d,Condomínio Porto Residence,2024-02,91689.84,77906.4,153,23,15.03,11800.29,66106.11
592,81012d17-3ed7-4097-8336-11a183f1d9e3,Condomínio da Cunha Residence,2024-02,69295.74,64540.15,102,7,6.86,8047.63,56492.52
593,609b30ec-ba65-45c4-8bc0-0b53cca3d28a,Condomínio Vasconcelos Residence,2024-02,64218.56,57338.0,112,12,10.71,5490.44,51847.56
594,a43b9e0e-7715-434a-bb8a-cc306568d2f9,Condomínio Andrade Residence,2024-02,33582.079999999994,28184.96,56,9,16.07,3949.35,24235.61
595,279f6b32-1aef-4b35-806d-6df9ccb3f9ba,Condomínio da Mata Residence,2024-02,28345.47,24992.780000000002,93,11,11.83,3017.48,21975.3
596,180bc120-6b7f-4277-8686-f87b4316ea4a,Condomínio Dias Residence,2024-02,16235.560000000001,13652.630000000001,44,7,15.91,1423.49,12229.14
597,e5d8764c-2923-4cd0-a9e1-06ff1e8017d2,Condomínio da Rosa Residence,2024-02,67730.76,63407.520000000004,141,9,6.38,8785.17,54622.35
598,c851cb04-d3c8-44ac-930d-551f4911402d,Condomínio Costela Residence,2024-02,148110.51,127059.27,197,28,14.21,13707.73,113351.54
599,535c1e8e-3d82-404a-b22b-b9d5c1874d86,Condomínio Pinto Residence,2024-02,46487.399999999994,42613.45,60,5,8.33,5293.68,37319.77
600,f5b6efb9-3b6f-4e81-a81e-a4dc51b854ae,Condomínio Fonseca Residence,2024-02,72967.28,66949.36,97,8,8.25,3117.93,63831.43
601,832ce2c7-a20b-44fb-ba73-4b92a8ce5b43,Condomínio Jesus Residence,2024-03,31445.35,28100.1,47,5,10.64,3133.13,24966.97
602,3bd78b73-2998-4da1-92d6-7f6e1292e015,Condomínio Gomes Residence,2024-03,23541.98,19873.100000000002,77,12,15.58,3966.18,15906.92
603,d772fedd-87f3-4d5e-895f-93b7e30e006d,Condomínio Porto Residence,2024-03,91689.84,81502.08,153,17,11.11,13909.89,67592.19
604,81012d17-3ed7-4097-8336-11a183f1d9e3,Condomínio da Cunha Residence,2024-03,69295.74,64540.15,102,7,6.86,8366.76,56173.39
605,609b30ec-ba65-45c4-8bc0-0b53cca3d28a,Condomínio Vasconcelos Residence,2024-03,64218.56,53897.72,112,18,16.07,3813.44,50084.28
606,a43b9e0e-7715-434a-bb8a-cc306568d2f9,Condomínio Andrade Residence,2024-03,33582.079999999994,27585.28,56,10,17.86,2792.36,24792.92
607,279f6b32-1aef-4b35-806d-6df9ccb3f9ba,Condomínio da Mata Residence,2024-03,28345.47,24383.2,93,13,13.98,3806.0,20577.2
608,180bc120-6b7f-4277-8686-f87b4316ea4a,Condomínio Dias Residence,2024-03,16235.560000000001,14390.61,44,5,11.36,2320.61,12070.0
609,e5d8764c-2923-4cd0-a9e1-06ff1e8017d2,Condomínio da Rosa Residence,2024-03,67730.76,63407.520000000004,141,9,6.38,9964.39,53443.13
610,c851cb04-d3c8-44ac-930d-551f4911402d,Condomínio Costela Residence,2024-03,148110.51,127811.1,197,27,13.71,16865.18,110945.92
611,535c1e8e-3d82-404a-b22b-b9d5c1874d86,Condomínio Pinto Residence,2024-03,46487.399999999994,41838.659999999996,60,6,10.0,2110.57,39728.09
612,f5b6efb9-3b6f-4e81-a81e-a4dc51b854ae,Condomínio Fonseca Residence,2024-03,72967.28,58674.72,97,19,19.59,6098.6,52576.12
613,832ce2c7-a20b-44fb-ba73-4b92a8ce5b43,Condomínio Jesus Residence,2024-04,31445.35,26762.0,47,7,14.89,3144.19,23617.81
614,3bd78b73-2998-4da1-92d6-7f6e1292e015,Condomínio Gomes Residence,2024-04,23541.98,21707.54,77,6,7.79,3172.33,18535.21
615,d772fedd-87f3-4d5e-895f-93b7e30e006d,Condomínio Porto Residence,2024-04,91689.84,79104.95999999999,153,21,13.73,11505.37,67599.59
616,81012d17-3ed7-4097-8336-11a183f1d9e3,Condomínio da Cunha Residence,2024-04,69295.74,55708.340000000004,102,20,19.61,7074.11,48634.23
617,609b30ec-ba65-45c4-8bc0-0b53cca3d28a,Condomínio Vasconcelos Residence,2024-04,64218.56,52750.96,112,20,17.86,7805.61,44945.35
618,a43b9e0e-7715-434a-bb8a-cc306568d2f9,Condomínio Andrade Residence,2024-04,33582.079999999994,28784.64,56,8,14.29,3234.77,25549.87
619,279f6b32-1aef-4b35-806d-6df9ccb3f9ba,Condomínio da Mata Residence,2024-04,28345.47,23164.04,93,17,18.28,2941.22,20222.82
620,180bc120-6b7f-4277-8686-f87b4316ea4a,Condomínio Dias Residence,2024-04,16235.560000000001,14759.6,44,4,9.09,2807.5,11952.1
621,e5d8764c-2923-4cd0-a9e1-06ff1e8017d2,Condomínio da Rosa Residence,2024-04,67730.76,56202.12,141,24,17.02,5921.38,50280.74
622,c851cb04-d3c8-44ac-930d-551f4911402d,Condomínio Costela Residence,2024-04,148110.51,128562.93000000001,197,26,13.2,12158.28,116404.65
623,535c1e8e-3d82-404a-b22b-b9d5c1874d86,Condomínio Pinto Residence,2024-04,46487.399999999994,44163.03,60,3,5.0,2356.1,41806.93
624,f5b6efb9-3b6f-4e81-a81e-a4dc51b854ae,Condomínio Fonseca Residence,2024-04,72967.28,66949.36,97,8,8.25,8398.42,58550.94
625,832ce2c7-a20b-44fb-ba73-4b92a8ce5b43,Condomínio Jesus Residence,2024-05,31445.35,28100.1,47,5,10.64,2702.08,25398.02
626,3bd78b73-2998-4da1-92d6-7f6e1292e015,Condomínio Gomes Residence,2024-05,23541.98,19261.62,77,14,18.18,2842.6,16419.02
627,d772fedd-87f3-4d5e-895f-93b7e30e006d,Condomínio Porto Residence,2024-05,91689.84,77906.4,153,23,15.03,12315.47,65590.93
628,81012d17-3ed7-4097-8336-11a183f1d9e3,Condomínio da Cunha Residence,2024-05,69295.74,61143.3,102,12,11.76,5596.48,55546.82
629,609b30ec-ba65-45c4-8bc0-0b53cca3d28a,Condomínio Vasconcelos Residence,2024-05,64218.56,55044.479999999996,112,16,14.29,8754.22,46290.26
630,a43b9e0e-7715-434a-bb8a-cc306568d2f9,Condomínio Andrade Residence,2024-05,33582.079999999994,31783.039999999997,56,3,5.36,4691.52,27091.52
631,279f6b32-1aef-4b35-806d-6df9ccb3f9ba,Condomínio da Mata Residence,2024-05,28345.47,25297.570000000003,93,10,10.75,3516.58,21780.99
632,180bc120-6b7f-4277-8686-f87b4316ea4a,Condomínio Dias Residence,2024-05,16235.560000000001,14390.61,44,5,11.36,1427.95,12962.66
633,e5d8764c-2923-4cd0-a9e1-06ff1e8017d2,Condomínio da Rosa Residence,2024-05,67730.76,58123.560000000005,141,20,14.18,4452.47,53671.09
634,c851cb04-d3c8-44ac-930d-551f4911402d,Condomínio Costela Residence,2024-05,148110.51,135329.4,197,17,8.63,20683.25,114646.15
635,535c1e8e-3d82-404a-b22b-b9d5c1874d86,Condomínio Pinto Residence,2024-05,46487.399999999994,44163.03,60,3,5.0,4222.51,39940.52
636,f5b6efb9-3b6f-4e81-a81e-a4dc51b854ae,Condomínio Fonseca Residence,2024-05,72967.28,65444.88,97,10,10.31,7146.85,58298.03
637,832ce2c7-a20b-44fb-ba73-4b92a8ce5b43,Condomínio Jesus Residence,2024-06,31445.35,29438.199999999997,47,3,6.38,4409.59,25028.61
638,3bd78b73-2998-4da1-92d6-7f6e1292e015,Condomínio Gomes Residence,2024-06,23541.98,22013.28,77,5,6.49,4055.69,17957.59
639,d772fedd-87f3-4d5e-895f-93b7e30e006d,Condomínio Porto Residence,2024-06,91689.84,83899.2,153,13,8.5,8094.63,75804.57
640,81012d17-3ed7-4097-8336-11a183f1d9e3,Condomínio da Cunha Residence,2024-06,69295.74,58425.82,102,16,15.69,6054.5,52371.32
641,609b30ec-ba65-45c4-8bc0-0b53cca3d28a,Condomínio Vasconcelos Residence,2024-06,64218.56,53897.72,112,18,16.07,8850.14,45047.58
642,a43b9e0e-7715-434a-bb8a-cc306568d2f9,Condomínio Andrade Residence,2024-06,33582.079999999994,28784.64,56,8,14.29,4426.67,24357.97
643,279f6b32-1aef-4b35-806d-6df9ccb3f9ba,Condomínio da Mata Residence,2024-06,28345.47,26211.940000000002,93,7,7.53,5366.23,20845.71
644,180bc120-6b7f-4277-8686-f87b4316ea4a,Condomínio Dias Residence,2024-06,16235.560000000001,13283.64,44,8,18.18,2234.83,11048.81
645,e5d8764c-2923-4cd0-a9e1-06ff1e8017d2,Condomínio da Rosa Residence,2024-06,67730.76,61005.72,141,14,9.93,7780.96,53224.76
646,c851cb04-d3c8-44ac-930d-551f4911402d,Condomínio Costela Residence,2024-06,148110.51,130818.42000000001,197,23,11.68,16858.94,113959.48
647,535c1e8e-3d82-404a-b22b-b9d5c1874d86,Condomínio Pinto Residence,2024-06,46487.399999999994,43388.24,60,4,6.67,4291.25,39096.99
648,f5b6efb9-3b6f-4e81-a81e-a4dc51b854ae,Condomínio Fonseca Residence,2024-06,72967.28,68453.84,97,6,6.19,4767.14,63686.7
649,832ce2c7-a20b-44fb-ba73-4b92a8ce5b43,Condomínio Jesus Residence,2024-07,31445.35,28100.1,47,5,10.64,3490.81,24609.29
650,3bd78b73-2998-4da1-92d6-7f6e1292e015,Condomínio Gomes Residence,2024-07,23541.98,22013.28,77,5,6.49,2900.53,19112.75
651,d772fedd-87f3-4d5e-895f-93b7e30e006d,Condomínio Porto Residence,2024-07,91689.84,86296.31999999999,153,9,5.88,11253.89,75042.43
652,81012d17-3ed7-4097-8336-11a183f1d9e3,Condomínio da Cunha Residence,2024-07,69295.74,62502.04,102,10,9.8,8691.61,53810.43
653,609b30ec-ba65-45c4-8bc0-0b53cca3d28a,Condomínio Vasconcelos Residence,2024-07,64218.56,53897.72,112,18,16.07,3654.11,50243.61
654,a43b9e0e-7715-434a-bb8a-cc306568d2f9,Condomínio Andrade Residence,2024-07,33582.079999999994,28784.64,56,8,14.29,2329.99,26454.65
655,279f6b32-1aef-4b35-806d-6df9ccb3f9ba,Condomínio da Mata Residence,2024-07,28345.47,26821.52,93,5,5.38,4380.29,22441.23
656,180bc120-6b7f-4277-8686-f87b4316ea4a,Condomínio Dias Residence,2024-07,16235.560000000001,14021.62,44,6,13.64,2375.88,11645.74
657,e5d8764c-2923-4cd0-a9e1-06ff1e8017d2,Condomínio da Rosa Residence,2024-07,67730.76,63407.520000000004,141,9,6.38,5910.42,57497.1
658,c851cb04-d3c8-44ac-930d-551f4911402d,Condomínio Costela Residence,2024-07,148110.51,127059.27,197,28,14.21,12811.91,114247.36
659,535c1e8e-3d82-404a-b22b-b9d5c1874d86,Condomínio Pinto Residence,2024-07,46487.399999999994,41063.869999999995,60,7,11.67,5482.9,35580.97
660,f5b6efb9-3b6f-4e81-a81e-a4dc51b854ae,Condomínio Fonseca Residence,2024-07,72967.28,67701.6,97,7,7.22,8891.69,58809.91
661,832ce2c7-a20b-44fb-ba73-4b92a8ce5b43,Condomínio Jesus Residence,2024-08,31445.35,30107.249999999996,47,2,4.26,4006.49,26100.76
662,3bd78b73-2998-4da1-92d6-7f6e1292e015,Condomínio Gomes Residence,2024-08,23541.98,20790.32,77,9,11.69,2535.3,18255.02
663,d772fedd-87f3-4d5e-895f-93b7e30e006d,Condomínio Porto Residence,2024-08,91689.84,77906.4,153,23,15.03,7167.12,70739.28
664,81012d17-3ed7-4097-8336-11a183f1d9e3,Condomínio da Cunha Residence,2024-08,69295.74,65219.520000000004,102,6,5.88,5141.72,60077.8
665,609b30ec-ba65-45c4-8bc0-0b53cca3d28a,Condomínio Vasconcelos Residence,2024-08,64218.56,52177.58,112,21,18.75,4277.94,47899.64
666,a43b9e0e-7715-434a-bb8a-cc306568d2f9,Condomínio Andrade Residence,2024-08,33582.079999999994,29983.999999999996,56,6,10.71,2486.87,27497.13
667,279f6b32-1aef-4b35-806d-6df9ccb3f9ba,Condomínio da Mata Residence,2024-08,28345.47,25907.15,93,8,8.6,5013.54,20893.61
668,180bc120-6b7f-4277-8686-f87b4316ea4a,Condomínio Dias Residence,2024-08,16235.560000000001,13652.630000000001,44,7,15.91,2422.6,11230.03
669,e5d8764c-2923-4cd0-a9e1-06ff1e8017d2,Condomínio da Rosa Residence,2024-08,67730.76,61966.44,141,12,8.51,7535.95,54430.49
670,c851cb04-d3c8-44ac-930d-551f4911402d,Condomínio Costela Residence,2024-08,148110.51,128562.93000000001,197,26,13.2,13024.26,115538.67
671,535c1e8e-3d82-404a-b22b-b9d5c1874d86,Condomínio Pinto Residence,2024-08,46487.399999999994,39514.29,60,9,15.0,1944.73,37569.56
672,f5b6efb9-3b6f-4e81-a81e-a4dc51b854ae,Condomínio Fonseca Residence,2024-08,72967.28,59426.96,97,18,18.56,7546.84,51880.12
673,832ce2c7-a20b-44fb-ba73-4b92a8ce5b43,Condomínio Jesus Residence,2024-09,31445.35,28769.149999999998,47,4,8.51,2868.84,25900.31
674,3bd78b73-2998-4da1-92d6-7f6e1292e015,Condomínio Gomes Residence,2024-09,23541.98,18955.88,77,15,19.48,3324.45,15631.43
675,d772fedd-87f3-4d5e-895f-93b7e30e006d,Condomínio Porto Residence,2024-09,91689.84,77906.4,153,23,15.03,6304.04,71602.36
676,81012d17-3ed7-4097-8336-11a183f1d9e3,Condomínio da Cunha Residence,2024-09,69295.74,63181.41,102,9,8.82,8875.8,54305.61
677,609b30ec-ba65-45c4-8bc0-0b53cca3d28a,Condomínio Vasconcelos Residence,2024-09,64218.56,60204.9,112,7,6.25,8282.16,51922.74
678,a43b9e0e-7715-434a-bb8a-cc306568d2f9,Condomínio Andrade Residence,2024-09,33582.079999999994,29384.319999999996,56,7,12.5,3219.57,26164.75
679,279f6b32-1aef-4b35-806d-6df9ccb3f9ba,Condomínio da Mata Residence,2024-09,28345.47,24383.2,93,13,13.98,5187.2,19196.0
680,180bc120-6b7f-4277-8686-f87b4316ea4a,Condomínio Dias Residence,2024-09,16235.560000000001,13652.630000000001,44,7,15.91,1993.11,11659.52
681,e5d8764c-2923-4cd0-a9e1-06ff1e8017d2,Condomínio da Rosa Residence,2024-09,67730.76,61486.08,141,13,9.22,7474.81,54011.27
682,c851cb04-d3c8-44ac-930d-551f4911402d,Condomínio Costela Residence,2024-09,148110.51,131570.25,197,22,11.17,15170.18,116400.07
683,535c1e8e-3d82-404a-b22b-b9d5c1874d86,Condomínio Pinto Residence,2024-09,46487.399999999994,40289.08,60,8,13.33,3249.8,37039.28
684,f5b6efb9-3b6f-4e81-a81e-a4dc51b854ae,Condomínio Fonseca Residence,2024-09,72967.28,59426.96,97,18,18.56,8973.81,50453.15
685,832ce2c7-a20b-44fb-ba73-4b92a8ce5b43,Condomínio Jesus Residence,2024-10,31445.35,27431.05,47,6,12.77,3433.8,23997.25
686,3bd78b73-2998-4da1-92d6-7f6e1292e015,Condomínio Gomes Residence,2024-10,23541.98,20790.32,77,9,11.69,4117.54,16672.78
687,d772fedd-87f3-4d5e-895f-93b7e30e006d,Condomínio Porto Residence,2024-10,91689.84,85097.76,153,11,7.19,7005.96,78091.8
688,81012d17-3ed7-4097-8336-11a183f1d9e3,Condomínio da Cunha Residence,2024-10,69295.74,62502.04,102,10,9.8,5770.08,56731.96
689,609b30ec-ba65-45c4-8bc0-0b53cca3d28a,Condomínio Vasconcelos Residence,2024-10,64218.56,52750.96,112,20,17.86,7087.67,45663.29
690,a43b9e0e-7715-434a-bb8a-cc306568d2f9,Condomínio Andrade Residence,2024-10,33582.079999999994,28184.96,56,9,16.07,5021.7,23163.26
691,279f6b32-1aef-4b35-806d-6df9ccb3f9ba,Condomínio da Mata Residence,2024-10,28345.47,26821.52,93,5,5.38,3333.92,23487.6
692,180bc120-6b7f-4277-8686-f87b4316ea4a,Condomínio Dias Residence,2024-10,16235.560000000001,12914.65,44,9,20.45,2965.72,9948.93
693,e5d8764c-2923-4cd0-a9e1-06ff1e8017d2,Condomínio da Rosa Residence,2024-10,67730.76,54761.04,141,27,19.15,5401.5,49359.54
694,c851cb04-d3c8-44ac-930d-551f4911402d,Condomínio Costela Residence,2024-10,148110.51,136833.06,197,15,7.61,16118.55,120714.51
695,535c1e8e-3d82-404a-b22b-b9d5c1874d86,Condomínio Pinto Residence,2024-10,46487.399999999994,40289.08,60,8,13.33,2298.58,37990.5
696,f5b6efb9-3b6f-4e81-a81e-a4dc51b854ae,Condomínio Fonseca Residence,2024-10,72967.28,61683.68,97,15,15.46,5918.81,55764.87
697,832ce2c7-a20b-44fb-ba73-4b92a8ce5b43,Condomínio Jesus Residence,2024-11,31445.35,25423.899999999998,47,9,19.15,3888.9,21535.0
698,3bd78b73-2998-4da1-92d6-7f6e1292e015,Condomínio Gomes Residence,2024-11,23541.98,22013.28,77,5,6.49,3928.85,18084.43
699,d772fedd-87f3-4d5e-895f-93b7e30e006d,Condomínio Porto Residence,2024-11,91689.84,78505.68,153,22,14.38,5081.8,73423.88
700,81012d17-3ed7-4097-8336-11a183f1d9e3,Condomínio da Cunha Residence,2024-11,69295.74,59784.56,102,14,13.73,4096.54,55688.02
701,609b30ec-ba65-45c4-8bc0-0b53cca3d28a,Condomínio Vasconcelos Residence,2024-11,64218.56,54471.1,112,17,15.18,6238.04,48233.06
702,a43b9e0e-7715-434a-bb8a-cc306568d2f9,Condomínio Andrade Residence,2024-11,33582.079999999994,28184.96,56,9,16.07,4679.92,23505.04
703,279f6b32-1aef-4b35-806d-6df9ccb3f9ba,Condomínio da Mata Residence,2024-11,28345.47,22859.25,93,18,19.35,4969.21,17890.04
704,180bc120-6b7f-4277-8686-f87b4316ea4a,Condomínio Dias Residence,2024-11,16235.560000000001,14390.61,44,5,11.36,1411.29,12979.32
705,e5d8764c-2923-4cd0-a9e1-06ff1e8017d2,Condomínio da Rosa Residence,2024-11,67730.76,59084.28,141,18,12.77,10091.64,48992.64
706,c851cb04-d3c8-44ac-930d-551f4911402d,Condomínio Costela Residence,2024-11,148110.51,136081.23,197,16,8.12,13810.13,122271.1
707,535c1e8e-3d82-404a-b22b-b9d5c1874d86,Condomínio Pinto Residence,2024-11,46487.399999999994,37964.71,60,11,18.33,4470.36,33494.35
708,f5b6efb9-3b6f-4e81-a81e-a4dc51b854ae,Condomínio Fonseca Residence,2024-11,72967.28,63188.16,97,13,13.4,9391.71,53796.45
709,832ce2c7-a20b-44fb-ba73-4b92a8ce5b43,Condomínio Jesus Residence,2024-12,31445.35,28769.149999999998,47,4,8.51,2909.85,25859.3
710,3bd78b73-2998-4da1-92d6-7f6e1292e015,Condomínio Gomes Residence,2024-12,23541.98,21401.8,77,7,9.09,3327.7,18074.1
711,d772fedd-87f3-4d5e-895f-93b7e30e006d,Condomínio Porto Residence,2024-12,91689.84,85097.76,153,11,7.19,11492.5,73605.26
712,81012d17-3ed7-4097-8336-11a183f1d9e3,Condomínio da Cunha Residence,2024-12,69295.74,62502.04,102,10,9.8,5384.18,57117.86
713,609b30ec-ba65-45c4-8bc0-0b53cca3d28a,Condomínio Vasconcelos Residence,2024-12,64218.56,58484.76,112,10,8.93,4563.94,53920.82
714,a43b9e0e-7715-434a-bb8a-cc306568d2f9,Condomínio Andrade Residence,2024-12,33582.079999999994,30583.679999999997,56,5,8.93,3516.89,27066.79
715,279f6b32-1aef-4b35-806d-6df9ccb3f9ba,Condomínio da Mata Residence,2024-12,28345.47,24383.2,93,13,13.98,5191.19,19192.01
716,180bc120-6b7f-4277-8686-f87b4316ea4a,Condomínio Dias Residence,2024-12,16235.560000000001,13283.64,44,8,18.18,2572.93,10710.71
717,e5d8764c-2923-4cd0-a9e1-06ff1e8017d2,Condomínio da Rosa Residence,2024-12,67730.76,55721.76,141,25,17.73,10244.44,45477.32
718,c851cb04-d3c8-44ac-930d-551f4911402d,Condomínio Costela Residence,2024-12,148110.51,125555.61,197,30,15.23,11011.99,114543.62
719,535c1e8e-3d82-404a-b22b-b9d5c1874d86,Condomínio Pinto Residence,2024-12,46487.399999999994,41063.869999999995,60,7,11.67,3032.5,38031.37
720,f5b6efb9-3b6f-4e81-a81e-a4dc51b854ae,Condomínio Fonseca Residence,2024-12,72967.28,66949.36,97,8,8.25,4383.12,62566.24
